No. Resp;Kelas;Gender;Ability to use Media (Am);;;;;;;;;;;;;Managing digital learning Platforms (Mp);;;;;;;;;Advanced use of Digital Media (Adm);;;;;;;;;;;;;Ethics and safety in the use of digital media (Es);;;;;;;;;;;;;;
;;;Am1;Am2;Am3;Am4;Am5;Am6;Am7;Am8;Am9;Am10;Am11;Am12;Am13;Mp1;Mp2;Mp3;Mp4;Mp5;Mp6;Mp7;Mp8;Mp9;Adm1;Adm2;Adm3;Adm4;Adm5;Adm6;Adm7;Adm8;Adm9;Adm10;Adm11;Adm12;Adm13;Es1;Es2;Es3;Es4;Es5;Es6;Es7;Es8;Es9;Es10;Es11;Es12;Es13;Es14;Es15
1;3;1;5;5;5;4;4;4;4;3;5;5;5;5;4;3;3;4;3;4;5;5;5;5;5;5;4;5;5;5;4;4;3;5;5;5;5;5;5;5;4;4;5;5;5;5;4;5;5;4;5;5
2;3;2;5;3;4;5;4;4;4;3;5;4;5;4;5;5;5;4;4;5;4;4;1;1;3;4;4;3;5;3;4;4;4;4;4;4;4;4;4;4;3;4;4;4;2;3;2;5;5;5;2;4
3;3;1;4;4;4;4;4;4;4;4;4;4;4;4;4;4;4;4;4;4;4;5;5;4;4;4;4;4;4;4;4;4;4;4;3;4;4;4;4;4;4;5;4;5;4;4;2;4;5;2;4;5
4;3;2;5;5;5;5;5;5;5;5;5;3;4;5;5;3;3;3;3;3;4;3;5;5;4;3;3;3;5;5;3;4;3;3;3;3;3;5;5;3;3;4;4;4;5;3;5;3;5;3;3;3
5;3;1;5;3;5;5;5;5;5;4;4;5;5;5;5;3;5;3;4;2;5;3;4;3;3;3;5;4;3;5;5;3;3;3;5;5;4;5;5;5;5;3;5;3;3;3;5;3;5;1;4;5
6;3;1;4;5;4;5;4;5;5;5;5;5;5;5;3;4;4;4;4;4;4;4;5;5;4;2;3;4;4;5;5;5;3;3;3;3;5;5;5;4;4;4;4;4;5;4;5;5;5;5;4;4
7;3;2;5;5;5;5;5;5;5;5;4;4;4;5;3;3;5;5;5;5;4;4;4;4;4;4;4;4;4;4;4;4;4;4;4;4;4;4;4;4;4;4;4;4;4;4;4;4;3;4;4;4
8;3;2;5;5;5;5;5;5;5;5;5;5;5;5;3;5;3;3;3;3;4;5;5;4;5;3;3;3;5;5;5;4;3;3;3;3;4;5;5;4;3;3;3;4;4;5;5;5;4;4;5;5
9;3;1;4;4;5;5;4;4;4;4;4;4;4;4;4;4;3;3;4;2;3;3;4;4;3;2;2;3;4;4;4;3;3;3;4;4;4;4;4;4;3;3;3;4;4;4;5;4;3;3;2;3
10;3;1;3;3;3;4;4;4;4;4;5;5;5;5;4;4;3;3;3;3;5;4;5;3;4;3;3;3;5;5;5;5;3;4;5;5;5;5;5;5;3;5;5;5;5;5;5;5;5;5;5;5
11;3;2;4;5;5;5;5;5;5;4;4;5;5;5;4;4;3;4;3;3;4;4;5;4;3;3;3;3;3;3;4;3;3;4;4;4;4;5;5;4;3;3;3;4;4;4;4;3;4;3;4;1
12;3;2;5;5;5;5;3;3;3;5;5;5;5;5;5;3;3;5;5;5;3;3;5;4;3;3;3;3;3;3;5;5;3;5;3;4;4;5;3;3;5;5;5;3;5;4;5;5;5;5;5;4
13;3;2;2;5;2;2;5;4;2;2;2;5;1;5;5;1;1;1;1;2;1;1;5;1;1;1;1;1;1;5;5;5;1;5;1;1;5;5;5;5;1;1;5;5;5;5;5;5;5;4;4;1
14;3;1;3;4;2;4;2;3;3;3;4;5;4;4;4;3;2;3;3;2;3;2;5;2;3;3;3;3;3;3;3;2;2;2;2;2;3;4;4;3;3;4;5;3;4;4;4;5;3;3;3;4
15;3;1;4;4;4;3;4;4;3;3;3;4;4;5;4;3;5;4;3;3;3;3;5;5;3;5;3;3;5;4;4;4;3;3;3;3;3;5;3;4;3;5;5;4;5;5;5;4;5;3;3;3
16;3;2;4;4;5;3;4;4;5;4;4;4;4;4;4;4;2;3;4;4;4;4;4;4;4;4;4;4;4;4;4;4;2;4;4;4;4;4;4;4;4;4;4;4;4;4;4;4;4;4;4;4
17;1;1;5;4;4;3;4;4;5;4;5;5;3;5;3;2;3;3;3;5;5;4;3;3;3;4;4;4;4;4;4;4;5;3;4;5;5;5;5;5;5;4;5;5;4;3;4;5;5;5;4;4
18;2;1;4;4;3;4;4;4;4;4;4;4;4;4;3;4;3;3;3;3;3;3;4;4;3;3;3;4;4;4;4;3;3;4;3;3;4;4;4;4;3;4;4;4;4;3;4;4;4;2;4;3
19;2;1;5;5;5;5;3;5;5;4;5;5;5;4;5;5;3;3;2;5;2;5;5;5;5;3;3;3;3;5;5;5;3;3;5;5;5;5;5;5;5;5;5;5;5;5;5;5;5;2;2;5
20;2;1;5;5;5;5;5;5;5;4;5;4;4;5;5;5;5;4;4;5;4;5;5;5;5;5;5;4;4;4;4;4;4;4;4;4;4;4;4;4;4;4;4;4;5;5;4;2;4;4;4;4
21;1;1;4;4;4;4;4;4;4;4;4;3;4;4;4;4;4;3;4;4;4;4;4;4;4;4;4;4;4;4;4;4;4;4;4;4;4;4;4;4;1;4;4;4;4;4;4;3;4;4;4;4
22;1;2;4;4;3;4;3;3;3;4;3;4;4;4;3;3;3;3;3;3;3;4;4;4;3;3;3;4;4;4;4;4;3;4;3;3;3;5;5;4;4;4;5;5;4;4;4;4;4;3;3;4
23;2;1;4;4;4;4;4;4;4;4;4;4;4;4;4;4;4;4;4;4;3;4;4;4;3;4;4;4;4;4;4;4;4;4;4;4;4;4;4;4;4;4;4;4;4;3;4;4;3;3;4;4
24;2;2;4;4;2;4;4;4;3;4;4;4;4;4;4;4;2;2;2;2;4;2;4;4;2;2;2;3;3;3;4;4;3;3;3;3;4;4;4;4;4;4;4;3;4;4;4;4;4;3;4;4
25;2;1;3;4;2;3;2;3;4;2;3;3;4;4;3;3;2;3;2;4;3;3;5;4;2;2;2;4;4;2;3;4;2;2;2;2;3;3;5;4;3;2;4;5;5;5;4;5;2;2;3;4
26;1;1;4;3;2;5;3;4;4;3;5;3;3;4;5;3;5;5;3;2;5;4;5;4;3;2;4;4;4;3;3;5;3;3;4;4;3;5;5;4;5;5;5;5;5;5;4;5;5;5;3;5
27;2;1;4;4;3;4;4;4;4;3;4;4;4;4;3;4;3;3;3;4;3;4;4;4;3;4;3;3;3;3;3;4;3;3;3;3;3;4;4;3;4;3;4;4;4;4;4;4;4;4;3;4
28;2;2;5;5;3;5;4;5;5;3;5;4;5;5;4;4;3;3;3;4;4;3;5;4;3;3;3;3;3;3;3;4;3;3;3;3;4;5;5;4;4;4;5;4;4;3;4;4;4;4;4;4
29;1;2;4;3;4;4;4;4;4;4;4;5;5;3;5;5;5;3;4;3;3;3;5;4;4;2;3;3;4;4;3;4;3;3;3;4;4;4;4;4;4;4;4;4;5;4;4;4;4;3;5;3
30;1;2;4;4;4;4;4;4;2;4;4;3;3;4;4;3;3;3;3;3;2;3;4;4;3;3;3;3;3;4;3;4;3;3;4;4;4;4;4;4;4;4;5;4;3;3;3;3;4;4;4;3
31;2;2;4;4;2;3;4;4;5;3;4;4;4;4;4;3;1;2;3;3;4;2;5;3;3;2;4;3;2;2;2;2;2;1;2;2;4;3;4;2;2;3;4;4;3;4;4;4;4;3;4;3
32;3;2;4;4;4;4;2;2;2;4;4;4;3;3;3;3;2;4;3;2;4;3;3;4;2;4;3;2;4;4;4;3;3;2;4;4;3;4;4;4;4;4;2;2;3;2;2;4;4;3;2;4
33;1;1;2;5;1;4;4;4;4;4;4;4;3;5;4;3;2;2;4;3;4;4;5;4;4;4;3;3;5;4;3;4;3;3;4;4;4;5;5;5;4;3;3;4;4;4;3;4;3;3;3;3
34;2;2;5;5;5;5;5;5;5;5;5;5;5;5;5;1;5;4;4;5;5;5;5;5;3;4;2;4;4;3;4;5;4;2;2;2;3;5;5;2;4;4;5;4;4;4;2;5;4;5;3;5
35;1;2;4;4;3;2;4;4;4;3;2;4;4;2;4;4;2;4;4;1;4;2;2;2;4;4;2;4;2;4;2;4;4;2;4;2;2;4;2;4;4;2;2;4;2;4;2;4;2;4;2;4
36;2;1;4;4;4;4;4;4;4;4;4;4;4;4;4;4;4;4;4;4;3;4;4;4;3;4;4;4;4;4;4;4;3;4;3;3;4;4;4;4;4;4;4;4;4;4;4;4;4;3;3;4
37;2;2;5;4;4;4;4;4;4;4;5;4;5;5;4;4;3;3;3;4;4;4;5;4;3;3;4;3;3;4;4;3;3;4;4;4;4;4;4;4;4;4;3;4;4;4;4;4;4;4;4;4
38;2;2;3;4;4;4;4;4;4;4;4;4;4;4;3;3;3;3;4;4;3;4;4;4;4;2;3;4;4;4;4;3;4;2;3;3;4;3;3;4;4;4;4;4;4;4;3;4;4;3;3;4
39;2;1;4;3;3;4;4;4;3;5;4;3;4;4;4;3;4;4;3;3;4;4;5;3;3;3;4;3;4;4;3;4;3;3;3;3;4;4;5;4;3;4;4;4;5;5;5;5;5;3;4;5
40;1;1;3;3;2;3;3;3;4;3;3;3;3;3;2;3;3;3;3;3;3;3;4;4;3;3;3;3;4;4;4;4;4;3;4;4;4;4;4;4;4;5;5;3;3;3;4;5;2;2;3;3
41;2;2;3;4;5;5;2;5;5;4;5;5;4;4;2;5;5;4;2;3;3;4;5;2;3;3;3;2;3;3;3;2;2;3;3;3;3;5;4;3;3;4;3;4;3;3;3;3;3;3;3;3
42;1;1;5;5;5;5;5;5;5;5;5;5;5;5;5;5;5;5;5;5;5;5;5;5;5;5;5;5;5;5;5;3;5;5;5;5;5;5;5;5;5;5;5;5;5;5;5;5;5;5;5;5
43;1;1;4;4;4;4;3;4;4;3;4;4;4;4;4;4;2;4;4;3;3;4;4;4;4;2;2;5;4;4;4;4;2;4;4;4;3;4;4;4;4;3;4;4;4;4;2;3;2;2;4;4
44;1;1;4;4;3;3;4;4;4;4;4;4;4;4;4;4;4;5;4;4;4;4;4;4;4;4;4;4;4;4;4;4;4;4;4;4;4;5;5;4;4;3;5;4;4;4;2;4;3;2;2;4
45;1;1;4;4;3;3;3;3;4;3;4;5;4;4;3;2;2;2;2;2;3;2;4;3;2;4;5;3;3;3;3;2;2;3;3;3;4;4;4;3;3;3;4;4;5;3;3;3;3;2;3;3
46;2;1;5;5;5;5;5;5;5;5;5;5;5;5;5;5;5;5;5;5;5;5;5;5;5;5;5;5;5;5;5;5;5;5;5;5;5;5;5;5;5;5;5;5;5;5;5;5;5;5;5;5
47;2;1;5;5;5;5;4;1;5;5;5;5;5;5;5;5;5;5;5;4;5;5;5;5;5;4;3;5;5;4;5;4;5;4;4;4;4;5;5;5;5;5;5;4;5;4;4;5;5;4;3;4
48;1;1;4;4;4;4;3;4;4;4;4;4;4;4;4;4;3;3;4;4;3;4;4;4;4;3;3;3;4;4;4;4;4;4;4;4;4;4;4;4;4;4;4;4;4;4;4;2;4;4;4;4
49;2;2;5;4;2;5;5;5;5;5;5;4;5;5;5;5;3;5;4;5;5;5;5;5;5;3;3;3;5;5;5;5;4;4;3;3;5;5;5;4;5;5;5;3;3;5;1;2;5;4;4;5
50;1;1;2;5;4;4;4;4;4;4;4;4;4;3;4;4;4;4;4;3;4;4;4;4;4;3;3;4;4;3;4;3;3;4;4;4;4;5;4;4;4;4;4;4;4;4;4;5;5;3;5;4
51;2;1;4;4;5;5;3;4;5;3;5;5;5;4;3;3;3;3;2;3;2;3;5;4;3;3;2;2;2;4;4;3;3;2;2;2;2;5;5;2;3;4;5;5;5;3;4;5;5;5;3;4
52;2;1;4;4;2;5;2;4;4;3;5;4;5;4;4;3;2;3;3;4;2;3;4;3;4;2;2;3;4;4;4;3;3;2;2;2;4;4;5;4;4;4;5;4;4;3;4;5;4;3;4;5
53;2;1;4;4;2;5;2;4;4;3;5;4;5;4;4;3;2;3;3;4;2;3;5;4;4;2;2;3;4;4;4;3;4;4;2;2;4;4;5;4;4;4;5;4;4;3;4;5;5;4;4;5
54;2;2;3;4;2;4;4;4;4;3;5;5;4;4;3;2;2;2;2;3;4;4;4;4;2;3;3;2;4;4;4;4;3;3;3;3;3;4;4;4;4;5;4;4;4;5;4;4;4;4;3;4
55;2;1;4;4;4;4;4;4;4;3;4;3;4;4;3;3;3;3;2;2;3;3;4;3;3;2;2;3;4;3;3;2;2;3;2;2;3;3;4;4;3;3;4;4;4;3;4;4;3;2;3;3
56;2;2;3;3;5;3;4;4;3;3;5;5;5;3;3;4;3;3;3;3;3;3;5;4;3;3;4;3;3;3;4;4;3;4;3;3;3;4;4;4;4;4;4;4;4;4;4;5;5;5;5;5
57;1;1;4;4;4;4;4;4;4;4;4;4;4;4;4;4;4;4;4;4;4;4;4;4;4;4;4;4;4;4;4;4;4;4;4;4;4;4;4;4;4;4;4;4;4;3;4;4;4;3;3;4
58;3;1;5;5;5;5;5;5;5;4;3;4;5;4;4;4;4;4;3;3;4;5;5;5;5;5;5;3;4;4;4;4;3;4;4;4;4;4;4;4;4;4;4;4;4;4;4;4;4;3;4;5
59;3;1;5;2;5;5;5;5;4;4;4;4;4;4;4;4;4;4;4;4;3;4;4;4;4;4;3;3;4;4;4;3;4;4;4;3;4;4;4;4;4;4;4;4;4;4;4;3;4;4;4;4
60;3;1;5;5;5;5;5;5;5;5;5;5;5;5;4;4;4;4;3;4;4;5;5;5;5;5;4;5;5;5;4;4;5;5;2;2;5;5;5;5;5;5;5;5;5;5;5;5;5;5;5;5
61;3;2;4;4;4;4;3;4;3;3;4;4;4;4;4;4;3;3;3;3;3;4;4;4;3;3;2;3;3;4;3;3;3;3;3;3;3;4;4;4;4;3;4;4;3;3;4;4;4;3;3;3
62;3;1;5;3;5;5;2;3;5;5;4;5;5;5;5;4;3;3;2;5;3;5;5;4;1;4;5;3;4;4;4;3;4;2;3;4;5;4;4;3;4;4;4;4;4;4;4;4;4;3;5;5
63;3;2;5;4;5;5;4;5;4;4;4;5;4;5;4;4;4;3;3;4;4;4;5;4;4;3;3;5;5;4;4;4;4;4;3;3;2;4;5;5;4;5;1;4;4;4;4;5;4;4;4;5
64;3;2;4;4;5;4;3;4;4;4;3;3;5;4;4;3;4;4;3;4;4;4;4;4;4;4;2;4;3;4;4;4;4;4;3;3;3;4;5;3;4;4;4;4;4;4;4;4;4;2;3;4
65;3;2;5;5;5;1;1;5;4;3;3;4;5;3;5;3;3;3;3;4;4;4;4;4;4;4;3;3;4;2;3;2;2;2;2;2;4;4;4;4;3;3;4;4;4;4;5;3;4;2;2;5
66;3;1;5;5;5;5;4;4;5;5;5;5;5;5;5;5;4;4;4;5;4;5;5;5;5;4;4;5;5;5;5;5;5;4;4;4;4;5;5;4;5;5;5;5;5;5;5;4;4;3;5;5
67;3;2;5;5;4;4;3;4;3;4;3;5;4;5;3;3;3;3;3;4;4;3;5;3;3;2;2;4;5;4;4;3;5;3;3;3;3;4;4;4;5;4;3;3;4;5;3;4;5;3;3;3
68;3;1;5;4;5;5;4;4;4;4;4;4;5;5;4;4;4;4;4;4;4;4;5;5;4;4;4;5;5;5;5;4;4;4;5;5;4;5;5;4;4;4;5;4;5;5;4;4;5;2;2;5
69;3;1;5;5;5;5;5;5;5;5;5;5;5;5;5;5;4;4;4;4;4;5;5;5;5;4;4;5;4;4;4;4;4;5;4;4;4;4;5;4;4;4;5;5;5;5;5;3;5;3;3;4
70;3;1;3;4;4;4;3;4;4;4;4;4;4;4;3;3;4;4;4;4;4;4;4;4;4;3;4;3;3;3;4;4;4;4;4;4;4;4;4;4;4;4;4;4;4;4;4;3;3;3;3;4
71;1;1;4;4;4;4;4;4;4;4;4;4;4;4;4;4;4;4;4;4;4;4;4;4;4;4;4;4;4;4;4;4;4;4;4;4;4;4;4;4;4;4;4;4;4;4;4;4;4;4;4;4
72;2;1;5;5;4;5;5;5;4;5;5;5;5;5;5;5;4;5;5;5;5;5;5;5;5;5;5;5;5;5;5;5;5;5;5;5;5;5;5;5;5;5;5;5;5;5;5;5;5;5;5;5
73;1;2;3;4;4;4;5;5;2;3;4;4;4;4;4;4;4;3;2;2;2;2;4;4;1;1;4;4;5;3;4;5;5;2;3;1;4;2;4;2;5;2;5;4;2;3;2;3;4;2;2;1
74;1;2;4;4;5;3;3;2;3;3;3;5;3;4;2;1;2;3;4;4;3;4;5;5;4;3;4;5;3;5;5;5;4;3;3;3;2;3;3;3;2;2;2;3;5;2;5;2;3;4;3;5
75;1;2;4;4;5;5;5;4;5;5;5;5;4;2;5;4;3;2;4;3;4;2;5;5;4;3;5;4;5;4;3;5;4;5;1;4;3;5;1;4;3;5;4;5;1;3;5;4;5;3;5;4
76;1;2;3;3;3;3;3;3;3;3;3;3;4;4;3;3;3;3;3;3;5;3;3;3;3;3;3;3;3;3;3;3;3;3;2;3;3;3;3;3;3;3;3;3;3;1;5;3;5;3;4;3
77;3;1;3;4;3;4;3;2;4;4;4;4;4;4;3;3;3;3;3;4;3;4;4;4;3;3;3;3;3;3;3;3;4;4;3;3;3;4;4;3;4;3;4;3;4;3;4;3;2;2;2;4
78;1;1;4;3;2;4;3;3;4;4;4;5;4;4;3;2;2;2;4;4;4;3;4;4;4;2;2;4;4;4;2;4;3;2;4;4;4;4;3;3;4;4;4;4;4;4;4;4;4;2;4;4
79;1;2;4;5;5;4;5;4;5;2;2;3;3;3;2;3;4;5;5;3;1;2;1;4;2;1;2;3;3;2;2;3;1;2;3;4;3;1;1;5;3;4;3;2;2;3;4;5;1;2;3;5
80;1;1;4;4;3;4;4;4;4;4;3;4;3;4;4;4;3;3;3;4;4;3;4;4;3;3;3;3;4;4;4;4;3;4;3;3;4;4;4;4;4;3;4;4;4;5;2;3;4;4;4;4
81;1;1;3;5;4;4;4;4;5;4;4;4;4;4;4;4;3;3;3;4;4;4;4;4;4;4;4;4;4;4;4;4;4;4;4;4;4;4;4;4;4;4;4;4;4;4;4;4;4;4;4;4
82;2;2;3;4;3;5;4;4;4;3;5;4;3;4;4;3;3;3;3;4;3;3;3;3;3;3;3;3;3;3;3;3;3;3;3;3;3;3;3;3;3;3;3;3;3;3;3;3;3;3;3;3
83;2;1;4;4;4;2;4;4;4;4;4;4;4;4;4;4;4;4;2;4;4;4;4;4;4;4;4;4;4;4;4;4;4;4;4;4;4;4;4;4;4;4;4;4;4;4;4;1;4;4;4;4
84;1;1;3;4;2;3;3;4;4;4;4;3;4;4;4;2;2;3;3;2;3;3;4;4;3;3;2;3;4;4;2;3;3;3;2;2;3;4;4;4;2;3;3;4;4;3;4;3;3;2;3;4
85;2;1;4;4;4;4;4;4;4;3;4;4;4;4;4;4;4;4;4;4;3;4;4;4;4;4;4;4;4;4;4;4;4;4;4;4;4;4;4;4;4;4;4;4;4;4;4;4;4;4;4;4
86;2;1;4;4;4;3;4;5;5;5;5;5;3;5;5;5;5;5;4;4;4;4;4;4;5;5;5;5;5;5;5;5;5;5;5;5;5;5;5;5;4;4;4;4;4;3;3;4;4;4;4;4
87;1;1;3;3;3;3;3;2;3;3;3;3;3;3;3;2;2;3;3;3;3;3;3;3;3;2;2;3;3;3;3;3;2;3;3;3;2;3;3;3;3;3;3;3;3;3;3;3;3;3;3;3
88;2;2;4;4;4;4;4;4;4;4;4;4;4;4;4;4;4;4;4;4;4;4;4;4;4;4;4;4;4;4;4;4;4;4;4;4;4;4;4;4;4;4;4;4;4;4;4;4;4;4;3;4
89;2;2;4;4;4;4;4;4;4;4;4;4;4;4;4;4;4;4;4;4;4;4;4;4;4;4;4;4;4;4;4;4;4;4;4;4;4;4;4;4;4;4;4;4;4;4;4;4;4;4;3;4
90;2;1;4;4;3;3;4;4;3;2;3;3;4;5;4;4;4;4;3;4;4;4;5;4;4;4;4;5;5;5;4;5;5;4;4;4;5;5;5;4;4;4;5;5;5;4;4;5;3;5;5;5
91;2;2;4;4;3;3;4;4;3;3;3;4;3;4;4;3;3;3;3;3;3;3;4;3;3;3;3;3;3;3;4;3;3;3;3;3;3;4;3;3;3;3;3;3;3;3;3;3;4;4;3;3
92;2;2;3;1;1;1;1;3;3;3;3;3;5;5;3;4;3;4;1;2;5;5;5;5;5;5;5;5;5;5;5;5;5;5;5;5;5;5;5;5;5;5;5;5;5;5;5;5;5;5;3;3
93;1;2;4;4;4;4;4;4;4;4;4;4;4;4;4;4;4;4;4;2;4;4;4;4;2;4;4;4;5;5;4;4;4;4;4;4;4;4;5;4;4;4;5;4;4;5;4;5;5;5;5;4
94;1;1;4;4;4;4;3;4;3;3;3;4;4;4;4;2;3;3;3;3;2;3;4;3;3;3;3;3;4;4;3;2;2;3;3;3;3;4;4;4;3;3;4;4;4;3;2;4;2;3;3;4
95;1;2;4;4;4;2;4;4;4;4;4;4;3;3;4;3;3;5;3;4;4;4;4;4;4;4;4;4;4;4;4;4;4;4;4;4;4;4;3;3;5;3;4;5;3;5;4;4;3;1;3;3
96;2;2;5;5;5;5;5;5;5;5;5;5;5;5;5;5;5;5;5;5;5;5;5;5;5;5;5;5;5;5;5;5;5;5;5;5;5;5;5;5;5;5;5;5;5;5;5;5;5;5;5;5
97;1;2;5;5;4;5;4;5;5;4;4;5;4;4;5;5;5;5;4;4;5;5;4;4;5;5;5;5;4;4;5;5;4;5;5;5;4;4;4;5;4;4;5;5;4;5;5;5;5;5;5;5
98;1;1;4;3;4;4;4;4;3;4;4;4;3;4;4;2;2;2;3;1;4;4;5;3;2;1;2;3;3;4;5;2;4;2;2;2;4;4;4;4;4;4;3;4;4;5;3;5;5;3;3;4
99;1;1;4;4;4;4;4;4;4;4;4;4;4;3;3;3;3;3;4;4;4;3;5;4;3;4;3;4;4;3;4;3;4;4;3;3;4;5;5;4;5;4;5;5;3;3;4;4;4;3;4;4
100;2;2;4;4;5;4;4;4;5;4;5;5;4;4;5;4;5;4;4;4;5;4;4;4;5;5;4;5;4;5;4;4;5;4;4;5;4;4;5;4;5;4;3;4;4;5;3;3;5;4;3;4
101;2;2;4;4;4;4;4;4;4;4;4;4;4;4;4;3;2;4;5;1;3;5;5;3;3;4;4;4;5;3;2;4;1;2;3;4;2;5;3;3;4;2;4;2;4;2;5;2;1;4;4;3
102;2;1;4;4;4;4;4;4;4;3;4;4;4;4;4;3;3;3;3;4;4;4;4;4;4;4;3;3;3;4;4;4;4;4;4;4;4;4;4;4;4;4;4;4;4;3;3;4;4;4;4;4
103;1;1;3;5;4;5;3;4;3;5;5;5;5;5;5;4;3;3;3;4;5;5;5;5;4;4;5;3;5;4;5;3;3;3;5;5;4;5;5;4;5;5;1;3;3;3;5;3;3;3;3;3
104;2;2;3;4;3;3;3;3;3;3;3;4;3;4;3;4;3;3;4;3;3;3;4;3;4;3;4;3;4;3;4;3;3;4;3;4;3;4;3;4;4;3;4;3;3;4;4;1;3;4;4;3
105;1;1;4;5;4;4;5;5;4;4;4;5;4;5;5;4;4;4;4;4;4;4;5;5;4;4;4;4;4;4;5;4;3;4;4;4;4;5;5;4;4;4;4;4;4;3;3;3;5;5;5;4
106;1;1;3;3;3;3;3;3;4;4;3;3;3;3;3;3;3;3;3;4;2;3;4;3;3;3;3;3;3;4;3;3;3;2;3;3;3;5;5;4;3;4;4;4;4;3;3;4;3;3;3;3
107;1;1;3;4;3;3;4;4;3;4;3;4;4;4;3;4;4;2;2;3;4;4;4;4;2;4;2;4;4;4;4;4;3;4;4;4;4;5;4;4;4;4;4;4;4;4;4;4;4;3;4;4
108;1;1;5;3;4;4;5;4;4;2;4;5;5;5;5;2;2;2;2;1;3;2;5;5;4;2;2;1;3;3;3;2;2;2;1;1;3;4;4;3;2;3;5;4;4;2;4;4;4;4;3;4
109;1;2;5;3;5;5;4;4;4;5;4;5;5;5;5;3;5;5;4;5;5;5;4;3;2;3;4;5;5;4;5;4;4;4;4;4;5;5;5;4;4;4;4;4;4;2;3;4;4;5;4;3
110;1;1;4;4;4;4;4;4;5;4;5;4;4;4;5;4;2;2;4;5;4;4;5;4;3;2;4;3;4;4;3;3;3;3;3;3;4;4;5;4;4;4;4;4;4;4;2;2;3;2;4;2
111;2;2;4;3;5;4;4;4;3;4;3;5;5;4;4;4;4;3;4;5;5;5;3;4;3;3;4;4;4;4;4;4;4;4;4;4;4;4;4;4;4;4;4;4;4;3;3;3;3;4;3;2
112;2;2;4;5;3;4;3;2;4;3;4;4;4;4;4;3;3;3;3;4;4;4;4;3;3;3;3;3;3;4;3;3;3;3;3;3;4;4;4;3;4;4;4;4;3;3;3;3;4;4;3;4
113;1;1;4;4;4;3;3;3;4;3;4;3;3;3;4;4;4;4;3;4;4;3;4;4;4;3;3;3;3;3;4;4;3;4;3;3;4;4;4;4;3;4;4;4;3;4;4;4;4;3;4;4
114;1;1;3;4;5;4;5;5;4;4;4;4;5;4;5;5;4;4;4;5;4;4;4;5;4;4;5;4;4;4;4;5;4;5;3;3;4;5;5;3;3;4;4;4;3;5;4;4;3;4;4;5
115;1;2;4;5;4;4;4;4;4;4;4;4;4;4;4;4;4;4;4;4;4;4;4;4;4;4;4;4;4;4;4;4;4;4;4;4;4;4;4;4;4;4;4;4;4;4;4;4;4;4;4;4
116;1;1;3;3;3;2;3;3;3;3;3;4;4;4;3;3;3;3;3;3;3;3;4;3;3;3;3;3;2;3;3;3;4;3;3;3;3;4;4;3;3;3;4;4;4;3;2;4;3;3;3;4
117;2;1;4;5;5;5;5;5;5;5;5;5;5;5;5;5;4;5;4;3;5;5;5;5;5;4;4;4;4;5;5;5;4;5;3;3;5;5;4;5;5;4;5;5;5;5;5;4;5;5;4;5
118;1;2;5;5;5;2;4;4;4;4;4;2;4;4;4;5;4;5;2;4;2;4;5;5;2;2;5;5;5;5;5;5;4;2;2;2;2;5;2;5;5;5;5;5;5;5;5;5;5;2;5;5
119;1;1;3;4;4;3;4;4;4;4;4;4;3;5;4;4;4;3;3;4;4;4;4;4;3;4;3;4;4;4;3;3;4;4;3;3;4;5;5;4;4;4;4;4;5;4;3;4;4;3;4;4
120;2;1;2;4;4;4;4;4;4;4;4;4;3;4;4;4;4;4;4;1;2;5;1;3;5;5;2;1;5;3;2;2;1;5;4;1;2;4;5;2;1;5;4;3;4;3;3;2;2;1;4;2
121;1;2;4;4;4;4;4;4;4;4;4;4;4;4;4;3;3;3;3;3;3;3;3;3;2;3;3;4;3;3;3;3;3;3;2;2;3;4;4;4;4;3;4;4;4;5;4;2;3;3;3;2
122;1;2;4;4;2;2;2;4;4;4;4;4;4;4;4;4;4;2;2;2;4;4;4;4;2;2;2;4;4;4;4;2;2;2;2;2;4;4;4;4;2;4;4;4;4;2;4;4;4;4;4;4
123;1;2;4;5;5;5;5;5;5;4;5;5;3;4;4;3;4;4;3;3;5;4;5;4;3;5;4;3;4;4;5;5;4;5;4;4;4;5;5;5;5;5;5;5;4;5;5;3;5;5;5;5
124;1;2;5;4;4;4;4;4;4;4;4;4;5;4;4;4;4;4;4;4;4;4;4;4;4;4;4;4;4;4;4;2;4;5;4;4;4;4;4;4;4;4;4;4;4;4;4;2;4;4;4;4
125;1;2;4;4;3;3;2;2;3;3;3;4;4;5;4;2;3;2;2;2;4;2;5;3;2;2;2;3;3;3;3;3;3;2;2;2;3;5;4;4;3;4;3;4;5;3;3;4;5;4;3;4
126;1;1;4;4;3;3;2;2;3;3;3;4;4;5;4;2;3;2;2;2;4;2;5;3;2;2;2;3;3;3;3;3;3;2;2;2;3;5;4;4;3;4;3;4;5;3;3;4;5;4;3;4
127;1;1;4;4;3;3;2;2;3;3;3;4;4;5;4;2;3;2;2;2;4;2;5;3;2;2;2;3;3;3;3;3;3;2;2;2;3;5;4;4;3;4;3;4;5;3;3;4;5;4;3;4
128;2;1;4;4;5;5;2;3;5;3;5;4;4;4;5;2;3;4;3;4;3;5;3;5;2;5;4;3;5;3;4;5;3;5;5;4;3;3;4;3;3;4;5;5;4;2;3;2;4;5;2;4
129;1;2;3;3;3;4;5;5;3;5;3;5;5;4;5;5;5;5;5;5;5;5;5;5;5;5;5;4;4;4;3;3;4;4;4;4;4;4;3;4;4;4;4;4;4;3;3;3;4;3;2;4
130;2;1;4;5;4;4;3;4;5;5;4;4;5;5;4;3;4;3;4;4;5;3;5;3;4;4;3;2;4;4;3;3;4;5;4;4;4;4;4;5;4;4;4;5;4;4;3;2;5;4;4;4
131;1;1;4;4;2;4;4;4;4;4;4;5;4;5;3;4;3;4;2;2;4;3;5;4;2;3;3;4;4;4;4;4;4;4;4;4;4;5;5;4;4;5;5;5;5;5;4;2;4;2;3;4
132;2;1;4;3;4;5;3;4;5;5;4;3;3;4;5;3;3;3;3;4;3;3;5;4;4;3;3;4;4;4;4;3;4;3;3;3;3;5;5;3;5;4;4;5;4;4;3;3;5;4;4;3
133;2;2;5;3;5;3;3;3;3;3;5;5;5;4;4;4;4;3;5;4;5;4;4;4;4;4;4;4;4;4;4;4;4;4;4;4;4;4;4;3;3;4;4;4;4;4;4;2;4;4;4;4
134;1;1;4;4;3;3;3;4;5;3;3;4;4;4;4;4;4;4;4;4;4;4;4;4;4;4;4;4;4;4;4;4;4;4;4;4;5;5;4;4;4;4;4;4;4;4;4;4;4;4;4;4
135;1;2;4;4;2;4;5;4;2;4;2;2;2;2;2;2;2;2;2;2;2;2;2;2;2;2;2;2;2;2;2;2;2;2;2;2;2;2;2;2;2;2;2;2;2;2;2;2;2;2;2;2
136;2;1;4;4;4;3;4;4;4;4;4;4;4;4;4;4;4;3;3;3;5;4;4;4;4;3;3;4;3;3;3;3;3;4;4;3;4;5;5;5;3;3;4;4;5;4;4;3;3;4;2;5
137;2;2;4;4;5;5;4;5;3;4;5;4;3;4;3;1;5;4;5;3;4;2;3;4;3;5;4;5;4;4;4;2;3;5;5;5;5;5;5;4;4;3;3;5;3;5;5;5;3;5;4;5
138;1;1;3;4;3;3;4;4;3;4;4;4;4;4;3;3;2;3;3;3;4;4;4;4;3;2;2;4;4;4;4;4;3;4;4;4;4;4;4;4;4;4;4;4;4;4;4;4;4;2;3;4
139;3;1;4;4;4;4;3;3;4;4;4;3;4;4;3;3;3;3;3;3;3;3;5;3;3;3;3;3;4;4;4;4;4;4;4;4;4;5;4;4;4;4;3;4;4;4;4;5;4;3;3;4
140;2;2;4;5;3;4;3;4;4;2;3;2;3;4;4;2;5;3;2;5;4;3;5;4;4;3;1;3;1;5;3;5;3;4;5;2;3;1;5;2;5;1;5;1;4;1;3;4;1;1;1;5
141;1;1;4;4;3;5;5;5;3;3;2;4;3;4;2;3;3;3;4;2;4;5;4;4;3;2;3;3;3;5;3;2;2;3;3;3;3;4;5;3;5;3;3;3;4;3;1;3;4;3;4;4
142;1;2;4;4;3;4;4;4;3;4;4;2;3;5;4;4;3;4;4;3;2;3;5;3;3;3;3;4;4;3;4;3;3;3;3;3;4;4;4;4;3;4;4;4;4;4;5;3;4;4;4;4
143;1;2;3;3;4;4;4;4;3;3;3;3;3;4;3;3;3;3;3;3;3;3;4;3;3;3;3;3;3;3;3;3;3;3;3;3;3;4;3;3;3;3;3;3;3;3;3;3;3;3;3;3
144;2;2;5;4;4;4;3;5;5;5;5;5;5;5;5;5;5;5;5;5;5;5;5;5;2;5;5;5;5;5;3;4;4;4;3;3;3;4;4;4;4;3;3;3;3;3;3;2;4;3;4;5
145;2;1;4;4;3;3;3;3;3;3;4;4;2;4;4;3;2;2;2;3;3;3;4;2;2;2;2;2;2;2;3;2;2;3;3;3;4;5;4;4;4;3;2;4;5;5;3;2;4;4;3;3
146;2;1;5;5;5;3;3;3;3;3;3;2;3;4;3;4;3;3;3;3;3;3;5;5;3;3;3;3;3;3;3;5;4;3;3;3;4;4;4;3;3;4;4;4;5;4;5;4;4;5;3;4
147;1;2;4;5;5;4;4;5;4;4;5;4;4;5;5;4;4;4;4;4;4;4;5;4;4;4;4;4;4;4;4;4;4;4;3;4;3;4;4;4;4;4;4;4;4;4;4;5;5;5;5;5
148;2;2;4;5;5;5;4;4;4;3;4;4;4;5;3;3;3;3;3;3;3;3;5;5;3;4;4;3;4;4;3;3;3;3;3;3;3;3;3;3;3;3;4;5;5;3;3;1;3;3;3;3
149;1;2;4;5;4;4;3;3;2;4;3;4;3;4;4;3;5;3;4;4;5;5;4;3;4;3;3;4;4;4;5;4;3;4;4;4;5;3;3;4;5;3;5;4;4;5;3;3;4;4;4;3
150;1;2;4;4;3;4;5;5;4;4;3;4;5;4;3;5;3;3;5;4;3;4;5;3;5;3;4;5;4;4;3;4;5;4;3;3;4;3;3;2;3;4;4;4;5;4;3;4;5;4;3;3
151;1;2;4;4;4;4;4;4;4;4;4;4;4;4;4;4;4;4;4;4;4;4;4;4;4;4;4;4;4;4;4;4;4;4;4;4;4;4;4;4;4;4;4;4;4;4;4;4;4;4;4;4
152;1;2;4;4;4;4;2;4;4;4;4;4;4;3;4;4;3;4;4;4;4;4;4;3;4;2;4;4;4;4;4;3;3;2;2;2;3;4;4;4;4;4;1;4;2;2;4;4;4;4;4;4
153;2;2;5;4;5;5;4;4;4;4;4;4;5;5;4;4;4;5;4;4;5;4;5;4;4;5;4;4;5;4;4;5;5;4;5;5;4;5;5;5;5;4;4;4;4;4;5;4;5;4;4;4
154;2;1;4;4;4;4;4;5;4;4;4;4;4;4;4;4;4;4;4;4;4;4;5;4;4;4;4;4;4;4;4;4;4;4;4;4;4;4;4;4;4;4;4;4;4;4;4;4;4;4;4;4
155;2;2;4;4;4;4;4;4;4;3;4;4;3;5;4;4;4;4;4;4;4;4;4;4;4;4;4;4;4;4;4;4;4;4;4;4;4;4;4;4;4;4;4;4;4;4;4;4;4;4;4;2
156;2;1;4;4;4;4;4;4;4;4;4;4;4;4;4;4;4;4;4;4;4;3;4;4;3;3;4;4;4;4;4;4;4;4;4;4;4;4;4;4;4;4;4;4;4;4;4;4;4;4;4;4
157;1;1;4;4;4;4;4;4;3;3;4;3;4;4;4;3;4;3;4;2;4;3;4;4;3;4;2;4;4;4;4;4;3;4;4;4;4;4;4;4;4;4;4;4;4;4;4;4;4;3;4;4
158;2;1;4;4;4;4;3;5;2;4;4;4;3;4;4;5;3;4;4;4;4;4;4;4;4;4;4;4;3;4;4;2;4;4;4;4;4;4;4;4;4;4;4;4;4;4;4;2;4;4;3;4
159;1;1;4;4;4;4;4;4;4;5;4;4;4;4;3;4;3;3;3;5;5;4;5;5;3;4;4;4;4;4;4;4;3;4;5;5;5;5;5;4;4;4;5;4;4;4;4;4;3;3;4;3
160;1;1;4;4;3;4;3;4;4;4;4;4;3;4;4;3;3;4;4;3;4;3;4;4;3;3;3;4;4;4;4;4;3;3;3;3;3;4;4;4;4;4;4;4;4;3;3;4;3;3;4;4
161;1;2;3;4;4;4;3;5;3;3;3;5;4;5;4;2;3;3;3;2;3;3;5;3;3;3;2;4;4;3;3;3;4;4;3;4;4;5;3;3;3;4;4;4;3;4;4;4;3;3;4;4
162;2;2;5;5;4;5;5;5;5;5;5;5;5;5;5;5;4;4;4;5;4;4;4;4;4;4;4;4;4;5;4;5;4;4;5;5;5;4;4;4;4;4;3;4;4;4;3;4;4;3;5;5
163;2;2;4;4;5;3;4;4;3;3;4;4;4;3;4;4;4;3;4;4;4;2;3;4;2;4;2;2;2;2;2;2;4;4;4;4;3;4;4;4;3;3;4;3;3;3;4;4;4;4;4;4
164;2;2;3;3;3;3;3;3;3;3;3;3;3;3;3;3;3;5;3;3;3;3;3;3;3;3;3;3;3;3;3;3;3;3;3;3;3;3;3;3;3;3;3;3;3;3;3;3;3;3;3;3
165;1;2;4;4;3;4;4;4;4;4;4;4;4;4;4;3;3;4;4;4;4;4;5;5;3;3;3;3;4;4;4;4;4;4;4;4;4;5;4;4;4;4;4;4;4;4;4;4;4;4;4;4
166;3;1;5;4;4;5;5;5;5;5;5;5;5;5;5;5;3;4;3;5;5;5;5;4;5;5;3;2;5;5;5;4;4;5;4;3;5;5;5;4;5;4;3;5;5;4;5;5;5;3;5;4
167;1;1;4;5;3;4;4;4;4;4;4;4;3;3;4;4;4;4;4;4;3;4;4;4;3;3;3;3;3;4;4;4;4;3;3;4;4;5;5;4;5;4;5;4;3;4;4;4;4;2;4;5
168;1;2;5;4;5;5;4;4;4;3;4;4;5;4;4;5;2;3;4;4;2;4;4;5;3;3;3;5;4;4;4;5;4;2;2;2;3;5;4;4;4;4;5;4;2;5;5;5;5;3;3;4
169;2;2;5;4;3;2;5;4;3;2;5;4;3;2;5;4;3;2;5;4;3;2;5;4;3;2;5;4;3;2;5;4;2;5;4;3;2;5;4;3;2;5;4;3;2;5;4;3;2;5;4;2
170;1;2;5;5;4;3;3;3;5;3;5;5;4;3;3;3;3;5;3;3;2;3;3;3;5;3;3;3;3;5;5;5;3;3;2;2;4;2;2;2;3;3;3;5;5;2;4;1;3;3;4;4
171;1;2;4;4;4;4;4;5;4;4;4;4;4;5;4;4;4;4;4;4;4;4;4;4;2;2;2;4;4;3;4;4;3;3;4;4;3;4;4;4;4;3;4;4;4;4;2;4;4;3;2;4
172;2;2;5;5;5;5;5;5;5;5;4;5;5;5;5;5;3;3;5;5;5;5;5;5;5;5;5;5;5;5;4;4;4;4;5;5;5;5;4;3;4;4;5;5;5;5;5;5;5;5;5;5
173;2;2;4;4;4;4;4;4;4;4;4;4;4;4;4;4;4;4;4;4;4;4;4;4;4;4;4;4;4;4;4;4;4;4;4;4;4;4;4;4;4;4;4;3;4;3;4;3;4;4;4;4
174;2;2;5;4;4;4;4;4;4;3;4;3;4;5;4;4;3;4;4;4;3;4;4;4;3;3;3;4;4;4;3;4;4;3;4;4;4;4;4;3;4;4;3;4;4;4;4;3;4;3;3;4
175;2;2;5;5;5;5;5;5;5;5;5;5;5;5;5;5;5;5;5;5;4;5;5;5;4;4;4;5;5;4;4;4;4;4;4;4;5;5;5;5;5;5;5;5;5;5;5;3;5;5;3;5
176;2;2;4;4;4;5;4;4;4;4;4;4;4;4;4;4;3;4;4;4;4;4;4;4;4;3;3;3;3;3;2;3;3;3;3;4;4;4;4;4;4;4;3;3;4;4;4;4;4;4;3;4
177;2;2;5;5;5;5;5;5;4;5;5;5;5;5;5;5;5;5;5;5;5;5;5;5;5;3;5;5;5;5;5;5;5;5;4;5;5;4;5;5;4;4;5;4;5;4;5;5;4;4;5;4
178;2;2;5;5;5;5;5;5;5;5;5;5;5;5;5;5;5;5;5;5;5;5;5;5;5;5;5;5;5;5;5;5;5;5;5;5;5;5;5;5;5;5;5;5;5;5;5;5;5;5;5;5
179;2;2;3;5;4;5;5;5;3;4;3;3;3;3;3;3;3;3;3;3;3;3;3;3;3;3;3;3;3;3;3;3;3;3;3;3;3;3;3;3;3;3;4;5;3;3;3;3;1;3;3;3
180;2;1;3;3;3;3;3;3;3;3;3;3;3;3;3;3;3;3;3;3;3;3;3;3;3;3;3;3;3;3;3;3;3;3;3;3;3;3;3;3;3;3;3;3;3;3;3;3;3;3;3;3
181;2;1;5;5;4;4;3;4;4;3;3;4;3;3;3;3;3;3;3;3;3;3;5;5;5;3;3;3;4;4;3;4;3;3;3;5;4;3;3;3;3;3;3;3;4;3;3;3;3;3;4;3
182;2;1;3;3;4;3;3;3;3;3;3;3;4;4;3;3;3;3;3;3;3;3;4;4;3;3;3;3;3;3;3;3;3;3;3;3;3;3;3;3;3;3;3;3;3;3;3;3;3;3;3;3
183;2;1;3;3;4;3;3;3;3;3;3;3;3;3;3;3;3;3;3;3;3;3;3;3;3;1;3;3;3;3;3;3;3;3;3;3;3;3;3;3;3;3;4;3;3;3;3;3;3;3;3;3
184;2;2;3;3;3;3;3;3;3;3;3;3;3;3;3;3;3;3;3;3;3;3;3;3;3;1;1;3;3;3;3;3;3;3;3;3;3;3;3;3;3;3;3;3;3;3;3;3;3;3;3;3
185;3;1;5;5;4;5;4;4;4;3;5;5;5;4;4;3;3;3;3;4;4;4;5;5;2;2;2;4;5;5;5;3;2;4;4;4;3;5;5;5;4;4;5;4;4;4;4;4;5;4;3;3
186;3;2;4;5;5;5;5;4;4;4;5;5;5;5;5;5;3;4;4;4;5;4;5;4;5;4;4;5;5;5;5;5;5;3;3;4;4;5;4;5;5;5;5;5;5;5;5;5;5;5;4;5
187;3;2;5;5;5;5;5;5;5;5;5;5;5;5;5;5;5;5;3;2;5;5;5;5;5;5;2;5;5;5;5;2;1;4;5;2;4;5;5;3;5;5;5;5;5;5;5;4;5;3;4;3
188;3;1;3;3;4;4;3;3;3;3;3;3;4;3;3;4;3;3;3;2;3;3;4;3;3;2;2;4;3;3;3;4;3;3;3;3;3;4;3;3;3;3;4;4;3;3;3;3;4;4;3;3
189;3;1;5;5;5;5;5;5;5;5;5;5;5;5;5;5;5;5;5;5;5;5;5;5;5;5;5;5;5;5;5;4;5;5;4;4;5;5;5;5;5;5;5;5;5;5;5;4;5;3;5;4
190;3;1;3;3;4;3;4;4;3;3;3;3;4;4;4;4;4;4;4;4;3;4;3;3;3;3;3;4;4;4;4;4;3;4;4;4;3;3;3;3;3;3;3;4;4;4;3;3;4;3;3;3
191;3;1;5;5;5;5;4;4;5;4;5;5;5;5;4;3;3;3;3;3;4;4;5;5;3;3;3;3;4;5;3;3;3;3;3;3;4;5;5;4;4;4;5;4;4;3;3;3;4;3;3;5
192;3;1;5;5;5;5;5;5;5;5;5;5;5;4;5;5;3;5;4;5;5;5;5;5;4;3;3;4;5;5;4;5;5;5;5;4;5;5;4;4;4;5;4;4;5;4;5;5;5;4;4;5
193;3;1;4;5;5;5;4;4;3;3;4;4;5;5;5;4;3;3;3;3;3;3;5;4;3;3;3;4;3;3;3;3;3;4;3;3;4;5;5;4;4;4;5;5;5;5;3;3;5;4;4;4
194;2;2;4;5;4;4;4;4;4;4;4;4;4;3;3;3;3;4;4;4;4;3;3;4;4;3;4;4;3;3;3;3;4;3;3;3;3;3;3;4;4;3;3;4;4;4;3;3;4;4;3;3
195;2;1;3;3;3;3;3;3;3;3;3;3;3;3;3;3;3;3;3;3;3;3;3;3;3;3;3;3;3;3;3;3;3;3;3;3;3;3;3;3;3;3;3;3;3;3;3;3;3;3;3;3
196;2;1;5;5;5;5;4;4;4;4;4;4;5;5;5;5;3;4;3;4;3;5;5;5;3;3;3;4;4;5;4;3;4;4;4;3;5;4;4;4;3;4;4;4;3;4;3;4;5;3;3;5
197;2;1;3;5;4;4;4;5;4;3;3;4;5;4;4;3;4;4;3;5;4;4;5;3;3;5;5;5;4;5;4;3;3;4;5;4;3;5;5;5;5;4;4;5;5;5;4;5;5;4;5;5
198;2;2;5;5;5;5;4;5;5;5;5;4;5;5;3;4;4;4;4;2;5;5;5;4;3;5;5;5;5;5;5;5;4;3;3;3;5;5;5;5;5;5;5;5;5;5;5;5;5;5;3;5
199;2;2;3;3;4;4;3;3;3;3;3;3;2;2;3;3;2;2;3;3;1;2;3;3;2;2;2;3;3;3;3;3;4;2;2;2;3;3;3;3;3;3;5;5;3;4;3;3;4;4;3;5
200;2;2;3;3;3;3;4;4;4;3;3;3;3;3;3;4;3;3;3;3;3;3;3;3;3;3;3;3;3;3;3;3;3;3;3;3;4;4;3;3;3;3;3;3;3;3;3;3;3;3;3;3
201;2;1;5;5;5;5;1;5;5;5;5;5;5;5;5;5;5;5;1;5;5;5;5;5;1;5;5;5;5;5;5;5;5;5;5;5;5;5;5;5;5;5;5;5;5;5;5;5;5;1;1;5
202;2;2;4;4;4;4;3;3;4;3;3;3;4;3;3;4;2;2;3;3;1;2;3;3;3;2;2;4;4;4;3;3;2;2;2;2;3;3;3;3;3;4;4;4;3;4;3;4;4;4;3;2
203;2;2;5;5;5;5;4;5;5;4;4;5;5;5;5;5;5;5;5;5;5;5;5;5;2;5;5;5;5;5;5;5;5;5;5;5;5;5;5;5;5;5;5;5;5;5;5;1;5;2;4;5
204;2;1;4;4;4;5;4;4;4;4;5;5;5;4;5;3;3;3;3;3;4;4;5;4;3;2;2;4;3;4;3;4;3;3;2;2;4;5;5;4;4;4;5;5;4;4;4;5;5;4;4;5
205;2;1;4;4;4;4;4;4;4;4;4;4;4;4;4;4;4;4;4;4;4;4;4;4;4;4;4;4;4;4;4;4;4;4;4;4;4;4;4;4;4;4;4;4;4;4;4;4;4;4;4;4
206;2;1;4;4;4;4;4;4;4;4;4;4;4;4;4;4;4;4;4;4;4;4;4;4;4;4;4;4;4;4;4;4;4;4;4;4;4;4;4;4;4;4;4;4;4;4;4;4;4;4;4;4
207;2;1;4;5;5;5;4;5;5;4;5;5;5;5;4;5;3;3;3;3;3;4;5;5;3;3;3;4;4;4;4;3;3;3;4;4;3;3;4;3;3;3;4;4;4;3;4;3;5;3;3;5
208;2;1;3;4;3;4;4;4;5;3;4;3;5;3;4;3;4;3;3;3;3;3;4;5;3;2;3;3;3;3;3;3;3;3;3;3;3;3;3;3;3;3;3;3;3;3;3;3;3;3;3;3
209;2;2;4;4;4;4;4;4;4;4;4;4;4;4;4;4;3;3;4;4;3;4;4;4;4;4;4;4;4;4;4;4;4;4;4;4;4;4;4;4;4;4;4;4;4;4;4;4;4;4;4;4
210;2;2;5;5;4;4;3;5;5;5;5;5;5;5;3;3;3;3;3;3;3;4;5;5;3;3;3;3;3;3;3;4;4;4;4;4;4;4;4;4;4;4;3;3;3;3;3;3;3;3;3;3
211;2;1;4;4;4;4;4;4;4;4;4;5;5;5;5;5;5;5;3;3;3;3;3;3;4;4;4;4;4;4;2;2;1;2;4;3;5;4;5;4;3;5;4;5;4;3;3;3;3;3;3;3
212;2;2;4;4;3;2;3;4;4;4;4;3;3;3;3;3;3;3;3;3;3;3;3;3;3;3;3;3;3;3;3;3;3;3;3;3;3;3;3;3;3;3;3;3;3;3;3;3;3;3;3;3
213;2;1;4;3;4;4;3;3;4;3;3;3;3;3;3;3;3;3;3;3;3;3;3;3;3;3;3;3;3;3;3;3;3;3;3;3;3;3;4;3;3;3;3;3;3;3;3;3;3;3;3;3
214;2;1;4;4;3;4;3;5;4;3;4;4;4;5;4;4;3;4;3;2;3;4;5;4;4;3;3;5;4;4;4;3;4;3;3;3;4;4;5;4;4;4;5;4;5;4;4;5;5;3;3;4
215;2;2;5;5;5;5;5;5;5;3;4;4;4;5;5;5;4;4;3;4;4;4;5;5;5;4;4;4;4;4;4;4;5;5;5;5;4;4;4;5;4;4;5;4;5;5;5;4;4;4;4;4
216;2;2;4;4;4;4;3;5;3;3;4;4;4;5;3;4;3;4;3;3;3;4;4;4;3;3;3;3;3;3;3;3;3;3;4;4;4;4;3;3;4;4;4;4;4;4;4;4;3;5;4;4
217;2;1;5;5;4;5;4;4;5;5;5;5;5;5;4;4;3;3;4;4;4;4;5;4;3;4;4;3;3;3;3;3;3;4;4;4;5;5;5;5;4;4;5;4;4;4;4;5;5;3;3;4
218;2;1;5;5;5;5;5;4;5;4;5;5;5;5;4;4;4;4;4;4;4;4;5;5;4;4;3;4;4;4;4;4;4;4;4;4;4;5;4;4;4;4;4;4;4;4;3;4;4;4;4;4
219;3;2;4;3;4;4;3;4;4;3;4;4;4;4;4;3;3;3;3;3;2;3;4;4;2;3;3;3;3;3;4;3;3;3;3;3;3;3;3;3;3;4;4;4;3;4;4;5;5;3;3;3
220;3;2;4;4;4;4;4;4;4;4;4;4;5;4;3;4;3;4;4;4;3;4;4;4;4;3;3;3;4;4;4;4;3;3;3;3;3;4;4;4;4;4;4;4;4;4;4;4;4;3;3;4
221;3;1;3;4;5;5;3;5;5;4;4;4;5;5;4;4;3;4;3;4;4;4;5;4;4;4;3;3;3;4;4;3;3;4;4;4;4;5;4;4;4;4;4;4;5;5;5;4;4;4;3;4
222;3;2;5;5;5;5;3;5;5;3;5;5;5;5;3;3;3;3;5;5;5;5;5;5;3;3;3;3;5;5;5;3;3;5;3;3;5;3;5;5;5;3;5;3;5;3;5;5;5;5;5;5
223;3;2;3;4;4;3;3;3;3;3;3;3;3;3;3;3;3;3;3;3;3;3;4;3;3;3;3;3;3;3;3;3;3;3;3;3;3;3;3;3;3;3;3;3;3;3;3;3;3;3;3;3
224;3;1;5;5;3;5;5;5;5;3;5;5;5;3;5;3;3;3;3;3;3;3;5;5;3;3;3;3;3;3;3;3;3;3;3;3;3;3;3;3;3;3;3;3;3;3;3;3;3;3;3;3
225;3;2;5;5;5;5;4;4;4;4;4;4;4;4;4;4;4;4;4;4;4;4;4;4;3;3;3;3;3;3;3;3;3;3;3;3;3;3;3;3;3;3;3;3;3;3;3;3;3;3;3;3
226;3;2;3;4;4;4;4;4;4;4;4;3;4;4;4;4;4;4;4;4;4;4;4;4;4;4;3;4;4;4;4;4;4;3;3;3;3;3;3;3;3;3;3;3;3;3;3;3;3;3;3;3
227;3;2;5;4;4;4;4;4;3;3;3;3;4;3;3;3;3;3;3;3;3;3;3;3;3;3;3;3;3;3;3;3;3;3;3;3;3;3;3;3;3;3;3;3;3;3;3;3;3;3;3;3
228;3;1;3;3;3;3;3;3;3;3;3;3;3;3;3;3;3;3;3;3;3;3;3;3;3;3;3;3;3;3;3;3;3;3;3;3;3;3;3;3;3;3;3;3;3;3;3;3;3;3;3;3
229;3;1;4;4;3;4;4;4;4;3;4;4;4;4;4;4;3;3;3;3;3;3;4;4;3;3;3;3;3;3;3;3;3;3;3;3;3;3;3;3;3;3;3;3;3;3;3;3;3;3;3;3
230;3;1;3;3;4;4;3;3;3;3;3;3;3;3;3;3;3;3;3;3;3;3;3;3;3;3;3;3;3;3;3;3;3;3;3;3;3;3;3;3;3;3;3;3;3;3;3;3;3;3;3;3
231;3;1;3;3;3;3;3;3;3;3;3;3;3;3;3;3;3;3;3;3;3;3;3;3;3;3;3;3;3;3;3;3;3;3;3;3;3;3;3;3;3;3;3;3;3;3;3;3;3;3;3;3
232;3;1;3;4;4;5;4;3;3;3;3;3;3;3;3;3;3;3;3;3;3;3;3;3;3;3;3;3;3;3;3;2;3;3;3;3;3;3;3;3;3;3;3;3;3;3;3;3;4;3;3;3
233;3;2;3;4;4;4;4;4;3;3;3;4;4;3;3;3;3;4;3;4;3;3;3;4;3;3;3;4;4;3;4;3;3;3;3;3;3;3;3;3;4;3;3;3;3;3;3;3;4;3;3;4
234;3;1;5;5;5;3;5;5;5;5;5;5;5;5;5;5;5;5;5;5;5;5;5;5;5;5;5;5;5;5;5;5;5;5;5;5;5;5;5;5;5;5;5;5;5;5;5;5;5;5;3;4
235;3;1;3;3;3;3;3;3;3;3;3;3;3;3;3;3;3;3;3;3;3;3;3;3;3;3;3;3;3;3;3;3;3;3;3;3;3;3;3;3;3;3;3;3;3;3;3;3;3;3;3;3
236;3;2;3;2;4;4;3;4;3;3;3;4;3;3;3;3;3;3;3;3;3;3;3;3;3;3;3;3;3;3;3;3;3;3;3;3;3;3;3;3;3;3;3;3;3;3;3;3;4;4;3;3
237;3;1;4;5;4;5;4;4;3;3;3;5;3;5;3;4;3;3;3;3;3;4;5;4;3;3;3;5;5;5;4;3;3;3;3;3;5;5;5;4;4;5;5;5;5;5;3;5;3;3;3;5
238;3;1;4;4;4;4;4;4;4;3;4;4;5;5;4;4;4;4;4;4;4;4;4;4;4;4;4;4;4;4;4;4;4;4;4;4;4;4;4;4;4;4;4;4;4;4;4;5;5;3;3;4
239;3;2;3;4;3;4;5;5;4;4;3;5;5;5;5;4;4;4;4;4;4;4;4;4;4;4;3;4;4;4;4;4;5;1;3;3;4;3;5;4;4;4;5;4;5;3;5;4;5;3;5;5
240;2;2;3;3;3;3;3;3;3;3;3;3;3;3;3;3;3;3;3;3;3;3;3;3;3;3;3;3;3;3;3;3;3;3;3;3;3;3;3;3;3;3;3;3;3;3;3;3;3;3;3;3
241;2;2;3;3;3;4;3;3;3;3;3;3;3;4;4;3;3;3;3;3;3;3;4;3;3;3;3;3;3;3;3;3;3;4;3;3;3;4;3;3;3;3;3;3;4;3;3;3;3;3;3;3
242;2;1;4;5;5;5;4;5;3;3;3;4;4;5;5;5;3;3;3;4;3;5;5;5;4;3;3;4;4;4;5;5;4;4;3;3;5;5;5;3;4;4;5;5;5;5;5;5;5;3;4;5
243;2;1;4;5;5;5;4;5;3;3;3;4;4;5;5;5;3;3;3;3;3;5;5;5;4;3;3;4;4;4;4;5;4;4;3;3;5;5;5;3;4;4;5;5;5;5;5;5;5;3;4;5
244;2;1;5;3;5;3;3;3;3;3;5;3;3;5;3;3;3;3;5;3;5;3;3;3;3;3;3;3;3;3;3;3;3;3;3;3;3;3;3;3;3;3;3;3;3;3;3;3;3;3;3;3
245;2;2;5;5;5;5;5;5;5;5;5;5;5;5;5;5;5;5;5;5;5;5;5;5;5;5;5;5;5;5;5;5;5;5;5;5;5;5;5;5;5;5;5;5;4;4;4;4;4;3;3;3
246;2;2;4;4;4;4;3;3;3;4;3;3;3;3;4;3;3;3;3;3;3;3;3;3;3;3;3;3;3;3;3;3;3;3;3;3;3;3;3;3;3;3;3;3;3;3;3;3;3;3;3;3
247;2;1;4;5;4;5;4;4;4;1;5;5;4;5;3;3;3;3;2;2;3;4;5;5;2;1;1;3;4;4;3;4;2;2;3;3;3;3;5;3;4;4;5;5;4;3;4;5;3;2;3;4
248;2;2;3;3;3;3;3;3;3;3;3;3;3;3;3;3;3;3;3;3;3;3;3;3;3;3;3;3;3;3;3;3;3;3;3;3;3;3;3;3;3;3;3;3;3;3;3;3;3;3;3;3
249;2;1;5;5;5;5;4;5;5;3;5;5;5;5;5;5;4;4;3;3;5;5;5;5;4;3;3;5;5;5;5;5;5;5;5;5;4;4;5;3;4;5;5;5;5;5;5;5;5;4;3;5
250;2;1;4;3;4;4;4;4;4;4;3;4;4;4;4;4;3;3;4;3;4;4;4;4;3;3;3;3;3;4;4;3;4;3;3;3;4;4;4;4;4;4;3;4;4;4;4;4;4;3;3;4
251;2;1;4;4;4;4;4;4;4;4;4;4;4;4;4;4;4;4;4;4;4;4;4;4;4;4;4;4;4;4;4;4;4;4;4;4;4;4;4;4;4;4;4;4;4;4;4;4;4;4;4;4
252;2;1;5;5;5;5;5;5;5;5;5;3;5;5;5;5;3;3;5;5;4;5;5;5;5;3;3;5;5;5;5;3;4;5;3;3;5;5;3;2;4;3;5;5;5;5;5;5;5;2;3;3
253;3;1;4;4;3;4;3;4;4;3;4;4;4;5;3;4;2;3;2;2;2;4;5;4;3;2;2;3;4;4;4;4;2;4;2;2;3;3;4;2;3;5;5;4;5;3;4;5;4;2;2;4
254;3;2;4;3;4;5;3;3;5;3;5;5;5;4;3;4;2;3;3;2;2;3;5;5;2;2;2;2;2;3;4;2;2;4;2;2;2;5;5;5;3;3;5;5;5;3;3;5;5;3;3;3
255;3;2;5;5;5;5;5;5;5;5;5;5;5;5;5;5;5;5;5;5;5;5;5;5;5;5;5;5;5;5;5;5;5;5;5;5;5;5;5;5;5;5;5;5;5;5;5;5;5;5;5;5
256;1;1;4;4;4;4;4;4;4;4;4;4;4;4;4;4;4;4;3;4;4;4;4;4;4;4;4;4;4;4;4;4;4;4;3;3;4;4;4;4;4;4;4;4;4;4;4;4;4;4;4;4
257;1;1;4;4;3;4;4;4;4;3;4;4;4;4;4;3;3;3;3;3;4;4;4;4;3;3;3;4;4;4;4;3;3;3;4;4;4;4;4;4;4;4;4;4;4;3;3;4;4;3;3;4
258;1;2;3;4;4;4;3;4;3;3;4;3;3;4;4;4;3;3;3;5;3;4;3;3;3;4;3;2;3;3;3;5;5;5;3;3;3;5;3;4;3;3;3;4;5;3;5;5;4;3;3;3
259;1;2;4;4;4;5;4;4;4;4;4;4;4;4;4;4;4;4;4;3;4;4;4;4;4;4;4;4;4;4;4;4;4;4;4;4;4;4;4;4;4;4;4;4;4;4;4;4;4;2;4;4
260;1;2;4;4;3;3;3;4;3;3;3;4;3;3;4;3;3;3;3;3;3;3;3;3;3;3;3;3;3;3;3;3;3;3;3;3;3;3;3;3;3;3;3;3;3;3;3;3;3;3;3;3
261;1;2;4;4;4;4;4;4;4;4;4;4;5;4;4;4;4;4;4;4;4;4;4;4;4;3;3;4;4;4;4;4;4;4;4;4;4;4;4;4;4;4;4;4;4;2;4;4;4;4;4;4
262;1;1;3;4;2;3;2;4;4;4;4;5;4;5;3;3;3;3;3;3;3;2;5;3;3;2;3;4;3;4;3;3;3;3;3;3;3;5;5;4;4;3;4;5;3;3;4;3;3;2;3;3
263;1;1;3;3;3;3;4;3;4;3;3;3;3;3;3;3;3;3;3;3;3;3;3;3;3;3;3;3;3;3;3;3;3;3;3;3;3;3;3;3;3;3;3;3;3;3;3;3;3;3;3;3
264;1;1;4;4;4;4;4;4;3;3;3;4;2;5;3;3;3;3;2;3;4;4;4;4;3;3;3;3;3;4;4;2;4;4;3;3;4;4;4;4;4;3;4;4;4;4;4;4;4;3;4;4
265;1;2;4;4;3;3;3;3;4;3;2;4;4;4;4;4;2;3;3;3;3;3;4;2;3;3;3;3;3;4;4;4;1;3;3;3;3;3;3;1;3;3;3;3;3;3;4;4;3;1;3;3
266;1;1;4;4;4;4;4;4;4;4;4;4;4;4;4;4;4;4;4;3;4;4;4;4;4;4;4;4;4;4;4;4;4;4;4;4;4;4;4;4;4;4;4;4;4;2;4;3;4;3;4;4
267;1;1;4;4;4;4;4;4;4;4;4;4;4;4;4;4;4;4;4;4;4;4;4;4;4;4;4;4;4;4;4;4;4;4;4;4;5;4;4;4;4;4;4;4;4;4;4;4;4;4;4;4
268;1;2;3;4;2;3;3;3;3;3;2;4;3;4;3;3;2;3;2;2;2;2;4;2;2;2;2;2;3;3;3;3;3;2;2;3;3;4;3;3;3;3;4;2;4;4;3;4;4;4;3;3
269;1;2;4;3;4;4;4;4;3;3;3;5;4;5;4;4;4;4;4;4;3;4;5;4;4;4;4;4;5;4;4;3;4;4;4;4;3;4;3;4;4;4;3;3;4;4;4;3;4;4;4;4
270;1;1;4;4;4;4;4;4;4;4;4;4;4;4;4;4;3;3;3;4;4;4;4;4;4;3;3;4;4;4;4;4;3;4;4;4;4;4;4;4;4;4;4;4;4;4;4;3;4;2;3;4
271;1;1;4;4;4;4;4;4;4;4;4;4;4;4;4;4;4;4;4;4;4;4;4;4;4;4;4;4;4;4;4;4;4;4;4;4;4;4;4;4;4;4;4;4;4;4;4;4;4;4;4;4
272;1;1;4;4;3;3;3;3;3;3;3;3;3;3;3;3;3;3;3;3;3;3;3;3;3;3;3;3;3;3;3;3;4;4;3;3;3;3;3;3;3;3;3;3;3;3;3;3;3;3;3;3
273;1;1;4;4;2;3;3;4;3;3;3;3;3;3;3;3;3;3;3;3;3;3;3;3;3;3;3;3;3;3;3;3;3;3;3;3;3;3;3;3;3;3;3;3;3;3;3;3;3;3;3;3
274;1;1;3;4;3;3;3;3;3;3;3;4;3;4;3;3;3;3;3;3;3;3;3;3;3;3;3;3;3;3;3;3;3;3;3;3;3;3;3;3;3;3;3;3;3;3;3;3;3;3;3;3
275;1;1;4;4;2;4;3;4;4;3;4;3;3;4;3;2;2;3;2;3;2;3;3;3;2;2;3;3;2;3;2;2;3;2;2;3;2;3;2;2;3;3;3;3;2;3;2;2;2;2;2;3
276;1;1;4;4;2;4;3;4;3;3;3;4;3;4;3;3;3;3;3;2;4;3;4;3;3;2;2;3;3;3;3;3;3;3;2;3;3;4;3;3;3;3;4;4;4;4;4;4;3;3;3;2
277;1;2;3;3;3;4;4;4;3;3;4;4;3;5;5;3;3;4;3;3;4;3;4;4;4;4;4;3;4;3;4;2;3;4;3;3;4;3;4;4;4;3;5;4;4;3;3;5;5;3;5;4
278;3;1;5;4;4;4;4;4;3;5;3;5;3;5;5;3;5;4;5;3;5;5;4;5;5;5;5;4;3;2;2;1;2;3;5;4;4;3;3;3;5;4;4;3;5;5;5;3;4;3;4;5
279;3;1;5;5;4;5;4;5;4;4;4;5;5;5;5;5;5;4;4;4;4;4;5;5;4;4;4;4;4;4;4;4;4;4;4;4;4;4;4;4;4;4;5;5;4;4;4;4;4;4;4;5
280;3;2;5;5;4;4;4;5;5;5;5;3;4;5;3;5;5;5;2;5;5;5;5;4;4;3;2;4;4;5;5;3;5;5;5;5;5;5;5;4;5;5;5;5;5;4;4;2;5;5;5;5
281;3;1;4;5;4;4;4;4;4;4;3;4;3;3;4;4;3;4;3;4;4;3;5;5;3;3;3;4;4;3;5;3;3;3;3;3;3;3;4;4;4;4;4;4;3;5;5;5;5;3;2;5
282;3;1;4;4;3;4;3;4;4;3;4;4;4;4;3;4;3;3;2;2;2;4;5;4;3;2;2;3;3;4;4;4;3;2;3;3;3;4;4;3;4;4;4;5;5;4;4;5;4;4;3;4
283;3;1;4;4;4;4;3;3;3;3;4;3;4;4;3;3;3;3;3;3;3;4;5;3;3;2;3;4;3;3;3;3;3;3;3;3;3;4;4;4;3;3;3;3;3;3;3;4;5;4;3;4
284;3;1;4;4;5;5;5;4;4;3;3;5;5;5;4;3;3;3;3;4;4;4;5;5;4;3;3;3;3;4;4;3;3;3;2;3;3;4;5;3;4;4;4;4;4;3;3;4;4;3;3;4
285;3;1;5;5;5;4;4;4;4;4;4;4;4;4;4;4;4;4;4;4;5;5;5;5;5;5;5;5;5;5;5;4;4;4;4;4;5;4;4;4;4;4;4;4;4;4;4;4;4;4;4;4
286;3;1;5;5;5;5;5;5;5;3;4;5;5;5;5;4;4;4;3;5;4;4;5;5;4;5;5;5;5;5;4;5;4;5;4;4;5;5;5;5;5;5;5;5;5;5;5;5;5;4;4;5
287;3;1;3;4;3;4;3;4;3;2;3;2;4;3;2;3;3;3;3;2;3;3;4;4;3;2;2;2;3;3;4;2;3;3;3;3;2;3;3;3;4;3;4;4;4;3;4;4;2;3;2;3
288;3;1;3;5;5;5;4;4;5;4;3;3;4;5;3;4;4;4;4;2;4;4;5;5;4;3;3;3;4;3;4;3;4;4;5;5;5;3;5;5;4;3;3;4;5;5;5;5;5;2;4;4
289;3;1;4;5;5;4;2;4;4;3;4;4;4;4;3;4;2;2;3;2;4;3;4;4;3;3;3;3;3;4;4;2;3;2;2;2;2;3;4;3;3;4;4;4;3;3;4;3;3;2;3;3
290;3;1;3;4;3;4;4;4;4;3;4;5;5;5;4;3;4;4;3;3;3;4;5;5;4;3;3;2;3;3;3;2;3;3;3;3;3;4;4;4;4;3;3;4;4;2;4;4;4;2;3;3
291;1;1;4;5;4;5;4;4;5;3;4;4;5;4;5;4;4;4;4;3;3;5;5;4;4;3;3;3;4;4;4;4;3;3;3;3;3;4;5;4;4;4;4;5;4;4;4;5;4;3;4;5
292;1;1;4;4;4;4;4;4;4;3;4;4;4;4;4;4;4;4;4;4;4;4;4;4;4;4;3;4;4;4;4;3;3;3;3;3;4;4;4;4;4;4;4;4;4;4;4;4;4;4;4;4
293;1;2;4;4;3;4;4;5;5;4;5;5;4;3;3;3;4;3;3;4;3;3;4;2;3;2;2;3;4;3;4;5;3;4;3;3;3;4;5;3;3;4;4;5;4;4;3;4;3;2;5;4
294;1;1;4;4;4;4;4;4;4;4;4;4;4;4;4;4;4;4;4;3;4;4;4;4;4;4;4;4;4;4;4;4;4;4;4;4;4;4;4;4;4;4;4;4;4;4;4;4;4;4;4;4
295;1;1;3;3;3;4;4;4;4;3;3;3;4;5;5;5;3;3;3;4;4;3;5;4;4;3;3;3;3;3;4;5;3;4;4;4;4;4;5;3;5;3;4;5;5;5;5;5;5;5;3;4
296;1;1;3;4;3;4;3;4;4;4;4;4;4;4;4;3;4;4;3;4;4;4;4;4;4;3;3;4;4;4;4;4;4;3;3;3;4;5;5;3;5;4;5;5;3;5;4;4;4;4;3;4
297;1;1;5;5;5;5;4;5;4;5;4;4;4;5;4;5;4;4;4;4;5;5;5;5;5;5;5;5;5;5;4;5;4;3;4;4;4;5;5;5;5;5;5;5;5;5;4;4;4;3;4;5
298;1;1;5;5;4;4;4;4;4;4;4;4;4;4;4;4;4;4;4;4;4;4;4;4;4;4;4;4;4;4;4;4;4;4;4;4;4;4;4;4;4;4;4;4;4;4;4;4;4;4;4;4
299;1;1;3;3;3;4;4;4;4;4;4;4;4;5;4;4;4;4;3;4;3;4;5;5;4;4;4;4;4;5;5;4;4;4;5;5;4;5;5;5;4;5;5;5;5;4;4;4;4;4;4;4
300;1;1;5;5;4;4;4;4;4;4;4;4;5;5;5;4;4;4;4;4;4;4;5;5;4;5;4;4;4;4;4;3;5;5;5;5;5;5;5;5;5;5;4;5;5;4;4;4;5;4;4;5
301;1;1;4;4;4;4;5;5;4;3;4;4;5;5;4;4;4;4;3;2;4;3;5;4;3;4;3;3;4;4;3;4;3;4;3;3;4;4;4;4;4;4;5;4;4;3;4;4;4;4;4;3
302;1;1;4;4;4;4;4;4;4;3;4;4;4;4;4;4;4;4;3;3;3;4;4;4;3;3;3;3;3;4;4;3;3;4;4;4;4;4;4;4;4;4;4;4;4;3;4;3;4;3;4;4
303;1;1;4;4;4;4;4;4;4;4;4;4;4;4;4;4;4;4;4;4;4;4;4;4;4;4;4;4;4;4;4;4;4;4;4;4;4;4;4;4;4;4;4;4;4;4;4;4;4;4;4;4
304;1;1;3;4;4;4;4;4;4;4;4;4;4;4;4;4;4;4;4;4;4;4;4;4;4;4;4;4;4;4;4;4;4;4;4;4;4;4;4;4;4;4;4;4;4;4;4;4;4;4;4;4
305;1;2;4;5;5;5;5;5;5;5;5;5;5;5;5;5;5;4;5;5;5;5;5;5;5;4;5;5;5;5;5;5;5;5;4;5;5;5;5;5;5;5;5;5;5;5;5;5;5;5;5;5
306;1;1;2;4;2;4;3;3;2;2;3;3;4;4;4;4;4;4;2;2;4;2;5;5;5;2;1;2;4;4;4;2;4;4;3;2;4;4;5;3;3;4;4;4;4;4;2;2;4;2;4;4
307;1;1;4;4;4;4;4;4;4;4;4;4;4;4;4;4;4;4;4;4;4;4;4;4;4;4;4;4;4;4;4;4;4;4;4;4;4;4;4;4;4;4;4;4;4;4;4;4;4;4;4;4
308;1;1;3;4;3;4;4;4;4;4;4;4;4;4;4;4;4;4;4;4;4;4;4;4;3;3;3;4;4;4;4;4;4;3;3;3;4;4;4;4;4;4;4;4;4;3;4;4;4;4;4;4
309;1;1;4;4;4;4;3;3;3;3;3;4;4;4;4;4;4;4;4;4;4;4;4;4;4;4;4;4;4;4;4;4;4;4;3;3;3;3;3;3;3;3;3;3;3;3;3;3;3;3;3;3
310;1;1;4;3;3;4;4;4;4;4;4;4;4;4;4;4;4;4;4;4;4;4;4;4;4;4;4;4;4;4;4;4;4;4;4;4;4;4;4;4;4;4;4;4;4;4;4;4;4;4;4;4
311;1;1;3;4;3;3;3;3;3;3;3;4;4;4;3;4;3;3;3;3;3;4;4;4;3;3;3;3;3;3;3;3;3;3;3;3;3;3;3;3;3;3;3;3;3;3;3;3;3;3;3;3
312;1;1;3;4;3;3;3;3;3;3;3;3;3;3;3;3;3;3;3;3;3;3;3;3;3;3;3;3;3;3;3;3;3;3;3;3;3;3;3;3;3;3;3;3;3;3;3;3;3;3;3;3
313;1;1;5;5;4;5;4;4;5;4;5;5;5;5;5;4;4;4;5;5;4;4;4;4;4;4;4;4;4;4;4;4;4;4;4;4;4;4;4;4;4;4;4;4;4;4;4;4;4;4;4;4
314;1;2;4;4;4;4;4;4;4;4;4;4;4;4;4;4;4;4;4;4;4;4;4;4;4;4;4;4;4;4;4;4;4;4;4;4;4;4;4;4;4;4;4;4;4;4;4;4;4;4;4;4
315;3;2;4;3;4;4;4;4;3;4;3;3;4;4;4;4;4;4;4;4;4;4;4;4;4;4;4;4;4;4;3;4;4;3;4;4;5;4;4;4;4;4;4;4;4;4;4;4;3;4;4;5
316;3;2;4;4;3;4;3;4;3;4;4;4;4;4;4;4;4;3;3;2;4;3;4;4;4;4;4;3;4;4;4;4;3;4;4;3;4;4;4;4;4;4;4;4;4;4;3;4;3;4;5;4
317;3;1;4;4;5;5;5;5;5;3;5;5;5;5;3;5;3;3;3;5;4;4;5;5;4;2;2;4;4;4;4;4;5;4;4;3;5;5;4;3;3;3;5;5;5;5;4;4;3;2;4;5
318;3;2;4;4;4;4;4;4;4;4;4;4;4;4;3;3;3;3;3;4;4;4;4;4;4;4;4;4;4;4;4;4;4;4;4;4;4;5;4;4;4;5;3;3;5;3;4;4;3;4;2;3
319;3;2;4;4;4;4;4;4;4;4;4;3;4;4;4;4;3;3;4;4;3;4;4;4;4;2;4;4;4;3;4;3;4;4;4;4;4;4;4;4;3;3;4;4;4;4;4;4;3;4;4;5
320;3;2;5;5;5;5;5;5;5;5;5;5;5;5;5;5;5;5;5;5;5;5;5;5;5;3;3;5;5;5;5;3;3;3;5;5;3;5;5;5;5;5;3;5;5;5;5;5;5;5;5;4
321;3;1;4;4;5;5;4;5;4;4;4;4;4;4;4;4;3;3;3;3;4;4;4;4;4;3;3;3;4;4;1;4;2;2;2;4;4;4;2;4;4;4;4;2;4;4;4;4;4;2;4;4
322;3;2;5;4;5;5;5;5;5;5;5;5;5;5;4;4;4;4;4;4;4;4;4;4;4;4;4;5;5;4;4;4;4;4;5;4;5;5;4;5;4;5;5;5;5;3;5;5;4;3;5;5
323;3;1;4;5;4;4;3;4;3;4;5;4;5;5;5;4;3;3;4;4;4;3;5;4;3;4;3;4;4;4;4;4;3;4;4;4;4;4;4;4;4;4;4;5;3;3;4;3;4;3;4;3
324;3;2;4;4;3;4;4;4;3;3;4;5;3;5;4;3;3;3;3;3;3;3;5;4;3;3;3;3;3;4;3;3;4;3;3;3;3;3;4;3;4;3;3;4;4;4;3;5;5;4;3;5
325;3;2;3;4;3;3;4;4;4;3;3;4;4;4;4;3;3;3;3;3;3;3;3;3;3;3;3;3;3;3;3;3;3;3;3;3;3;3;3;3;3;3;3;3;3;3;3;3;3;3;3;1
326;3;1;5;5;5;5;5;5;5;5;5;5;5;5;5;5;5;5;5;5;5;5;5;5;5;5;5;4;4;4;5;5;5;5;5;4;5;4;5;4;4;4;5;5;5;5;5;5;5;5;5;4
327;3;2;4;4;2;3;2;3;3;3;3;4;3;4;4;3;3;3;3;3;4;3;4;3;3;3;3;3;3;3;2;4;3;3;3;4;4;3;4;3;4;4;4;4;4;4;4;4;4;3;4;1
328;3;2;5;4;2;5;3;4;4;4;4;3;4;3;3;4;2;3;4;5;4;5;4;4;4;5;3;5;4;3;2;4;4;3;4;3;5;3;4;3;4;3;4;3;4;2;3;5;3;4;2;4
329;3;2;5;5;4;4;3;5;4;3;5;5;5;3;4;4;4;4;3;3;4;4;4;4;4;3;3;4;3;4;4;4;4;3;4;3;4;4;4;3;3;5;5;5;5;4;5;5;5;4;5;3
330;3;2;4;4;4;4;4;3;4;3;4;3;3;3;3;3;3;3;3;3;3;3;5;2;2;3;3;3;4;4;4;3;3;3;4;4;4;4;4;4;4;4;4;4;4;3;4;4;4;4;3;4
331;3;2;4;4;3;3;3;3;4;3;4;5;5;5;4;4;3;3;3;3;3;3;4;4;4;3;4;4;4;4;4;3;3;3;4;4;5;4;4;3;4;5;5;5;4;3;5;5;3;2;5;4
332;3;2;5;4;3;4;4;4;3;4;4;5;4;5;3;4;3;3;3;3;2;3;5;4;3;2;3;3;3;4;3;4;2;2;3;3;5;5;3;4;3;4;4;4;3;5;5;5;4;3;4;3
333;3;2;4;4;4;4;3;4;3;2;3;4;4;5;5;4;3;3;4;2;3;4;5;5;4;2;2;4;4;4;5;3;2;2;4;3;3;3;3;4;4;4;4;4;3;4;3;4;3;4;3;5
334;3;2;5;5;4;5;5;5;5;4;5;5;5;5;5;5;5;3;4;5;3;5;5;5;5;5;5;5;5;5;5;5;3;3;4;4;5;5;5;5;4;4;5;3;4;5;4;5;3;3;4;4
335;3;2;5;5;4;4;4;5;4;4;4;5;5;4;4;3;3;3;3;3;3;3;5;3;4;3;4;4;4;4;4;4;3;3;3;4;4;4;4;4;3;4;4;3;4;4;3;4;3;4;4;4
336;1;2;4;4;4;4;4;3;3;3;4;4;4;4;4;3;3;3;3;3;3;3;3;3;3;3;3;3;3;3;3;3;3;3;3;3;3;3;3;3;3;3;3;3;3;3;5;3;3;3;3;4
337;1;2;4;4;3;3;3;4;4;3;4;4;4;3;3;3;3;3;4;3;2;3;4;3;2;4;3;3;3;3;3;3;3;3;3;3;4;3;3;3;4;4;3;3;3;3;4;3;3;3;4;4
338;1;2;3;3;3;4;3;2;3;3;3;4;4;3;3;2;2;3;3;2;2;2;5;2;2;2;2;2;2;2;3;2;3;2;2;2;3;5;3;3;3;3;4;3;4;4;3;2;3;3;3;4
339;1;2;4;4;4;4;4;4;4;4;4;4;4;4;4;4;4;4;4;4;4;4;4;4;4;4;4;4;4;4;4;4;4;4;4;4;4;4;4;4;4;4;4;4;4;4;4;4;4;4;4;4
340;2;2;5;5;3;1;3;1;5;3;2;4;1;5;3;2;1;4;2;5;3;1;5;3;3;2;5;2;4;1;3;2;1;5;3;2;5;1;3;2;1;5;3;2;5;4;4;2;5;2;3;5
341;2;1;3;4;4;4;4;4;4;4;4;4;4;4;4;4;4;4;4;4;4;4;4;4;4;4;4;4;4;4;4;4;4;4;4;4;4;4;4;4;4;4;4;4;4;4;4;4;4;4;4;4
342;2;2;4;4;4;4;3;3;3;3;3;3;3;3;3;3;3;3;3;3;3;3;3;3;3;3;3;3;3;3;3;3;3;3;3;3;3;3;3;3;3;3;3;3;3;3;3;3;3;4;4;4
343;3;2;5;5;5;5;4;4;5;4;5;4;4;5;5;5;5;5;4;4;4;4;4;4;4;4;4;4;4;4;4;4;4;4;4;4;4;4;4;4;4;4;4;4;4;4;4;4;4;4;4;3
344;3;2;3;4;5;2;5;1;5;3;2;4;1;5;2;2;1;2;4;1;2;3;3;3;5;1;2;3;4;3;4;5;5;1;4;2;2;1;2;5;2;5;3;2;2;2;1;2;5;3;3;3
345;3;1;4;4;4;5;3;3;4;4;4;4;5;5;3;4;3;4;3;4;4;3;5;4;4;3;3;3;4;4;4;2;2;4;4;3;5;5;5;5;5;4;5;5;5;3;4;5;3;3;5;3
346;3;2;5;5;5;5;2;5;1;2;4;5;4;5;5;4;2;2;2;4;1;2;5;4;2;2;2;4;5;4;4;4;2;2;4;4;5;4;2;2;5;5;4;4;5;5;5;5;5;2;4;4
347;3;2;5;4;3;5;3;4;4;4;5;5;5;4;5;3;5;5;4;5;4;5;5;5;5;4;5;5;5;5;5;5;5;5;5;5;5;5;5;5;4;5;5;5;2;4;5;4;5;4;5;3
348;2;1;5;5;3;3;4;4;3;4;4;5;5;5;4;4;3;3;3;3;3;3;4;3;3;3;3;3;3;3;3;3;3;3;3;3;3;3;3;3;3;3;3;3;3;4;3;3;3;3;3;5
349;3;1;5;5;5;5;5;5;5;5;5;5;3;5;5;4;4;4;4;5;5;4;5;5;5;5;5;5;5;5;5;5;5;5;5;5;5;5;5;5;5;5;5;5;5;5;5;5;5;5;5;4
350;3;1;5;5;5;5;4;5;5;5;5;5;4;5;4;3;4;4;3;4;5;3;5;3;2;3;3;4;4;4;4;2;4;3;4;5;5;5;5;4;4;5;5;5;4;4;5;3;3;4;4;4
351;2;2;5;4;3;5;3;3;4;3;3;5;3;5;3;1;4;2;3;2;3;3;5;3;2;2;2;5;5;3;3;5;3;2;4;2;5;5;3;4;4;5;5;3;5;3;5;5;3;5;3;4
352;3;2;5;5;4;5;5;5;5;5;4;3;4;4;5;3;3;4;4;4;5;5;5;3;4;4;4;5;3;4;5;4;5;4;5;4;4;5;3;5;5;3;5;5;3;3;5;5;4;4;3;4
353;3;2;3;4;5;5;5;4;4;3;4;3;5;4;5;4;4;4;4;3;4;5;5;5;4;3;4;4;4;5;4;3;2;3;4;4;4;5;5;4;3;5;5;5;3;5;4;4;2;5;4;5
354;3;1;5;5;4;5;5;5;5;4;5;4;5;5;4;4;3;4;2;4;4;5;5;4;5;4;5;5;5;4;5;5;2;2;5;5;5;5;5;5;4;5;5;5;5;4;5;4;1;5;5;3
355;3;2;4;5;4;5;3;4;3;4;2;5;4;5;4;4;4;3;4;3;2;4;5;3;2;3;2;4;3;5;4;1;3;2;3;4;3;2;3;2;3;4;5;4;4;5;3;4;4;3;4;3
356;2;2;3;3;3;3;3;3;3;3;3;3;3;3;3;3;3;3;3;3;3;3;3;3;3;3;3;3;3;3;3;3;3;3;3;3;3;3;3;3;3;3;3;3;3;3;3;3;3;3;3;5
357;3;2;5;4;5;5;4;4;3;3;5;4;3;3;3;3;5;3;3;3;4;3;5;5;4;2;2;3;3;4;3;2;5;4;3;5;5;3;4;4;3;5;4;3;5;5;4;3;2;4;3;4
358;3;1;3;4;4;4;3;4;4;4;4;4;4;4;4;3;4;3;4;4;4;3;4;4;4;4;3;4;4;5;4;4;5;4;4;4;5;5;4;4;4;4;4;5;4;4;4;4;4;4;4;4
359;3;2;4;4;5;4;3;4;3;3;4;3;4;4;3;4;3;3;3;4;4;4;4;4;3;3;3;4;4;4;4;4;3;3;3;3;4;4;4;3;4;4;4;4;4;4;3;3;3;3;3;3
360;3;1;4;4;3;4;3;3;3;3;4;4;4;4;3;3;3;3;4;4;4;4;5;3;2;4;3;4;4;4;4;3;3;4;4;4;4;5;4;4;4;4;4;4;4;4;5;4;4;4;4;5
361;3;2;5;5;5;5;4;4;4;5;4;5;5;5;5;5;5;5;5;5;5;5;5;5;4;5;5;5;5;5;5;5;5;5;5;5;5;5;5;5;5;5;5;5;4;5;4;5;5;5;5;4
362;3;2;5;5;5;5;5;5;5;5;5;5;5;5;5;5;5;5;5;5;5;5;5;5;5;5;5;5;5;5;5;5;5;5;5;5;5;5;5;5;5;5;5;5;5;5;4;5;5;5;5;4
363;3;1;5;5;5;5;5;5;5;5;5;5;5;5;5;5;5;5;5;5;4;5;5;4;4;3;4;5;4;4;5;4;5;5;5;5;5;5;5;5;5;5;5;5;5;4;5;5;5;5;5;5
364;3;1;4;4;3;4;3;4;4;3;4;4;3;5;4;3;3;2;4;2;4;4;5;4;3;2;3;5;4;4;4;5;3;4;3;3;4;4;4;4;4;5;4;4;4;5;5;5;4;4;5;4
365;3;1;3;2;4;3;4;2;3;3;3;3;3;3;3;3;3;3;3;3;3;3;3;3;3;3;3;3;2;2;2;2;3;3;3;2;3;3;2;3;2;3;3;2;3;4;2;3;3;3;2;4
366;3;1;4;5;3;3;4;3;3;4;3;5;4;4;4;4;4;3;3;3;4;4;5;3;3;3;3;3;3;3;4;3;4;4;4;5;5;3;3;3;3;4;4;3;3;4;4;4;4;3;4;5
367;3;1;4;5;5;5;5;4;5;5;5;5;4;5;4;4;4;4;3;4;4;4;5;5;4;4;3;4;5;5;5;4;3;4;4;4;4;5;4;4;4;4;4;4;4;4;4;4;4;2;4;5
368;3;1;5;5;5;5;4;5;4;5;4;5;5;5;3;4;4;3;4;3;5;3;5;5;3;3;3;4;4;4;4;4;4;4;4;5;5;5;5;4;5;5;5;5;5;5;5;5;4;5;5;4
369;3;1;5;4;4;4;4;4;4;5;5;5;4;5;5;5;5;5;5;5;5;5;5;5;5;4;5;4;5;5;4;4;5;5;5;4;5;4;5;5;5;5;5;4;5;5;5;4;5;5;4;3
370;2;2;5;5;5;3;3;4;3;3;5;4;3;5;4;3;3;3;4;4;3;3;5;3;4;3;3;3;5;5;5;4;3;4;2;4;5;5;5;4;4;4;4;4;5;5;4;4;5;5;4;5
371;3;2;4;5;4;5;4;3;4;4;4;4;4;4;4;4;3;3;4;5;4;4;4;4;4;2;2;4;4;5;5;4;5;4;4;4;4;4;4;4;4;4;4;5;4;3;2;4;5;5;5;5
372;3;2;5;4;3;2;3;2;4;3;2;4;2;2;2;3;2;3;1;2;3;1;3;4;1;2;1;2;3;2;3;1;1;3;1;4;3;5;3;2;4;1;4;2;2;5;3;4;1;4;2;4
373;2;2;5;4;4;4;5;4;3;3;3;4;5;4;4;4;3;3;3;4;4;4;5;5;4;3;3;3;4;4;5;3;3;3;4;5;5;5;4;4;5;4;5;5;4;5;2;5;4;3;3;5
374;3;2;4;5;3;4;4;5;3;3;4;4;4;5;4;4;5;3;3;4;3;5;4;3;4;2;4;5;4;3;5;4;3;3;4;5;4;5;3;4;3;5;3;4;4;4;3;4;5;4;3;3
375;3;1;5;5;4;5;5;5;5;5;5;5;5;5;4;4;4;4;3;5;5;4;5;5;4;4;4;4;4;4;5;5;5;5;5;5;5;5;5;4;5;5;5;5;1;5;5;4;4;5;5;5
376;3;2;4;4;3;5;4;4;3;5;3;4;4;5;4;4;4;3;5;4;4;4;3;5;3;4;4;4;4;4;5;4;4;4;4;4;4;5;4;4;4;4;5;4;3;3;3;4;3;4;2;4
377;3;2;5;5;5;5;5;5;5;5;5;5;4;4;5;4;4;5;3;4;3;4;3;4;4;3;4;3;3;3;5;5;4;3;4;5;5;3;4;3;4;5;5;5;5;5;5;5;5;5;5;4
378;3;2;3;4;1;2;2;2;5;2;1;3;2;1;5;3;1;2;3;2;2;5;1;3;2;2;2;1;4;2;3;2;2;1;4;2;3;1;2;2;3;3;2;3;1;3;1;3;2;3;4;5
379;3;2;4;2;5;5;5;4;5;4;5;4;5;5;4;5;5;5;4;5;5;4;3;5;4;4;5;5;4;3;5;3;4;4;5;4;5;5;5;5;4;5;5;4;4;5;5;3;5;4;5;3
380;3;1;4;5;3;5;4;4;5;5;5;5;5;5;3;5;3;4;3;2;4;4;5;5;5;4;5;4;4;4;5;4;2;2;3;5;5;5;5;5;5;5;5;5;5;5;5;5;2;2;3;5
381;2;1;4;5;5;5;3;3;5;3;4;5;4;5;4;3;3;3;2;3;3;2;5;3;2;2;3;4;4;4;3;4;4;4;3;4;5;4;4;4;4;5;4;5;3;3;5;5;4;4;5;1
382;2;1;5;5;3;3;4;3;4;4;4;3;4;5;4;3;3;3;3;3;4;4;5;4;4;2;2;2;4;4;4;3;4;4;3;4;4;4;4;4;4;4;4;4;3;3;3;4;4;3;5;4
383;3;2;5;5;5;5;5;5;5;5;5;5;5;5;5;5;5;5;5;5;5;5;5;5;5;5;5;5;5;5;5;5;5;5;5;5;5;5;5;5;5;5;5;5;5;5;5;5;2;5;5;1
384;3;1;5;5;4;5;4;5;5;4;5;5;5;5;4;4;4;4;4;3;4;5;5;5;3;3;3;4;5;4;4;4;4;5;5;4;4;4;4;5;4;4;5;5;3;5;5;4;2;4;4;4
385;3;2;4;3;2;5;2;3;3;2;1;3;5;2;3;5;5;4;4;4;3;4;4;4;3;4;4;4;4;4;4;4;4;4;4;4;4;4;4;4;4;4;4;3;3;4;5;4;4;4;4;3
;;;;;;;;;;;;;;;;;;;;;;;;;;;;;;;;;;;;;;;;;;;;;;;;;;;;
;;;;;;;;;;;;;;;;;;;;;;;;;;;;;;;;;;;;;;;;;;;;;;;;;;;;
;;;;;;;;;;;;;;;;;;;;;;;;;;;;;;;;;;;;;;;;;;;;;;;;;;;;
Kode;Kelas;;;;;;;;;;;;;;;;;;;;;;;;;;;;;;;;;;;;;;;;;;;;;;;;;;;
1;VII;;;;;;;;;;;;;;;;;;;;;;;;;;;;;;;;;;;;;;;;;;;;;;;;;;;
2;VIII;;;;;;;;;;;;;;;;;;;;;;;;;;;;;;;;;;;;;;;;;;;;;;;;;;;
3;IX;;;;;;;;;;;;;;;;;;;;;;;;;;;;;;;;;;;;;;;;;;;;;;;;;;;
;;;;;;;;;;;;;;;;;;;;;;;;;;;;;;;;;;;;;;;;;;;;;;;;;;;;
Kode;Gender;;;;;;;;;;;;;;;;;;;;;;;;;;;;;;;;;;;;;;;;;;;;;;;;;;;
1;P;;;;;;;;;;;;;;;;;;;;;;;;;;;;;;;;;;;;;;;;;;;;;;;;;;;
2;L;;;;;;;;;;;;;;;;;;;;;;;;;;;;;;;;;;;;;;;;;;;;;;;;;;;
;;;;;;;;;;;;;;;;;;;;;;;;;;;;;;;;;;;;;;;;;;;;;;;;;;;;
;;;;;;;;;;;;;;;;;;;;;;;;;;;;;;;;;;;;;;;;;;;;;;;;;;;;
;;;;;;;;;;;;;;;;;;;;;;;;;;;;;;;;;;;;;;;;;;;;;;;;;;;;
;;;;;;;;;;;;;;;;;;;;;;;;;;;;;;;;;;;;;;;;;;;;;;;;;;;;
;;;;;;;;;;;;;;;;;;;;;;;;;;;;;;;;;;;;;;;;;;;;;;;;;;;;
;;;;;;;;;;;;;;;;;;;;;;;;;;;;;;;;;;;;;;;;;;;;;;;;;;;;
;;;;;;;;;;;;;;;;;;;;;;;;;;;;;;;;;;;;;;;;;;;;;;;;;;;;
;;;;;;;;;;;;;;;;;;;;;;;;;;;;;;;;;;;;;;;;;;;;;;;;;;;;
;;;;;;;;;;;;;;;;;;;;;;;;;;;;;;;;;;;;;;;;;;;;;;;;;;;;
;;;;;;;;;;;;;;;;;;;;;;;;;;;;;;;;;;;;;;;;;;;;;;;;;;;;
;;;;;;;;;;;;;;;;;;;;;;;;;;;;;;;;;;;;;;;;;;;;;;;;;;;;
;;;;;;;;;;;;;;;;;;;;;;;;;;;;;;;;;;;;;;;;;;;;;;;;;;;;
;;;;;;;;;;;;;;;;;;;;;;;;;;;;;;;;;;;;;;;;;;;;;;;;;;;;
;;;;;;;;;;;;;;;;;;;;;;;;;;;;;;;;;;;;;;;;;;;;;;;;;;;;
;;;;;;;;;;;;;;;;;;;;;;;;;;;;;;;;;;;;;;;;;;;;;;;;;;;;
;;;;;;;;;;;;;;;;;;;;;;;;;;;;;;;;;;;;;;;;;;;;;;;;;;;;
;;;;;;;;;;;;;;;;;;;;;;;;;;;;;;;;;;;;;;;;;;;;;;;;;;;;
;;;;;;;;;;;;;;;;;;;;;;;;;;;;;;;;;;;;;;;;;;;;;;;;;;;;
;;;;;;;;;;;;;;;;;;;;;;;;;;;;;;;;;;;;;;;;;;;;;;;;;;;;
;;;;;;;;;;;;;;;;;;;;;;;;;;;;;;;;;;;;;;;;;;;;;;;;;;;;
;;;;;;;;;;;;;;;;;;;;;;;;;;;;;;;;;;;;;;;;;;;;;;;;;;;;
;;;;;;;;;;;;;;;;;;;;;;;;;;;;;;;;;;;;;;;;;;;;;;;;;;;;
;;;;;;;;;;;;;;;;;;;;;;;;;;;;;;;;;;;;;;;;;;;;;;;;;;;;
;;;;;;;;;;;;;;;;;;;;;;;;;;;;;;;;;;;;;;;;;;;;;;;;;;;;
;;;;;;;;;;;;;;;;;;;;;;;;;;;;;;;;;;;;;;;;;;;;;;;;;;;;
;;;;;;;;;;;;;;;;;;;;;;;;;;;;;;;;;;;;;;;;;;;;;;;;;;;;
;;;;;;;;;;;;;;;;;;;;;;;;;;;;;;;;;;;;;;;;;;;;;;;;;;;;
;;;;;;;;;;;;;;;;;;;;;;;;;;;;;;;;;;;;;;;;;;;;;;;;;;;;
;;;;;;;;;;;;;;;;;;;;;;;;;;;;;;;;;;;;;;;;;;;;;;;;;;;;
;;;;;;;;;;;;;;;;;;;;;;;;;;;;;;;;;;;;;;;;;;;;;;;;;;;;
;;;;;;;;;;;;;;;;;;;;;;;;;;;;;;;;;;;;;;;;;;;;;;;;;;;;
;;;;;;;;;;;;;;;;;;;;;;;;;;;;;;;;;;;;;;;;;;;;;;;;;;;;
;;;;;;;;;;;;;;;;;;;;;;;;;;;;;;;;;;;;;;;;;;;;;;;;;;;;
;;;;;;;;;;;;;;;;;;;;;;;;;;;;;;;;;;;;;;;;;;;;;;;;;;;;
;;;;;;;;;;;;;;;;;;;;;;;;;;;;;;;;;;;;;;;;;;;;;;;;;;;;
;;;;;;;;;;;;;;;;;;;;;;;;;;;;;;;;;;;;;;;;;;;;;;;;;;;;
;;;;;;;;;;;;;;;;;;;;;;;;;;;;;;;;;;;;;;;;;;;;;;;;;;;;
;;;;;;;;;;;;;;;;;;;;;;;;;;;;;;;;;;;;;;;;;;;;;;;;;;;;
;;;;;;;;;;;;;;;;;;;;;;;;;;;;;;;;;;;;;;;;;;;;;;;;;;;;
;;;;;;;;;;;;;;;;;;;;;;;;;;;;;;;;;;;;;;;;;;;;;;;;;;;;
;;;;;;;;;;;;;;;;;;;;;;;;;;;;;;;;;;;;;;;;;;;;;;;;;;;;
;;;;;;;;;;;;;;;;;;;;;;;;;;;;;;;;;;;;;;;;;;;;;;;;;;;;
;;;;;;;;;;;;;;;;;;;;;;;;;;;;;;;;;;;;;;;;;;;;;;;;;;;;
;;;;;;;;;;;;;;;;;;;;;;;;;;;;;;;;;;;;;;;;;;;;;;;;;;;;
;;;;;;;;;;;;;;;;;;;;;;;;;;;;;;;;;;;;;;;;;;;;;;;;;;;;
;;;;;;;;;;;;;;;;;;;;;;;;;;;;;;;;;;;;;;;;;;;;;;;;;;;;
;;;;;;;;;;;;;;;;;;;;;;;;;;;;;;;;;;;;;;;;;;;;;;;;;;;;
;;;;;;;;;;;;;;;;;;;;;;;;;;;;;;;;;;;;;;;;;;;;;;;;;;;;
;;;;;;;;;;;;;;;;;;;;;;;;;;;;;;;;;;;;;;;;;;;;;;;;;;;;
;;;;;;;;;;;;;;;;;;;;;;;;;;;;;;;;;;;;;;;;;;;;;;;;;;;;
;;;;;;;;;;;;;;;;;;;;;;;;;;;;;;;;;;;;;;;;;;;;;;;;;;;;
;;;;;;;;;;;;;;;;;;;;;;;;;;;;;;;;;;;;;;;;;;;;;;;;;;;;
;;;;;;;;;;;;;;;;;;;;;;;;;;;;;;;;;;;;;;;;;;;;;;;;;;;;
;;;;;;;;;;;;;;;;;;;;;;;;;;;;;;;;;;;;;;;;;;;;;;;;;;;;
;;;;;;;;;;;;;;;;;;;;;;;;;;;;;;;;;;;;;;;;;;;;;;;;;;;;
;;;;;;;;;;;;;;;;;;;;;;;;;;;;;;;;;;;;;;;;;;;;;;;;;;;;
;;;;;;;;;;;;;;;;;;;;;;;;;;;;;;;;;;;;;;;;;;;;;;;;;;;;
;;;;;;;;;;;;;;;;;;;;;;;;;;;;;;;;;;;;;;;;;;;;;;;;;;;;
;;;;;;;;;;;;;;;;;;;;;;;;;;;;;;;;;;;;;;;;;;;;;;;;;;;;
;;;;;;;;;;;;;;;;;;;;;;;;;;;;;;;;;;;;;;;;;;;;;;;;;;;;
;;;;;;;;;;;;;;;;;;;;;;;;;;;;;;;;;;;;;;;;;;;;;;;;;;;;
;;;;;;;;;;;;;;;;;;;;;;;;;;;;;;;;;;;;;;;;;;;;;;;;;;;;
;;;;;;;;;;;;;;;;;;;;;;;;;;;;;;;;;;;;;;;;;;;;;;;;;;;;
;;;;;;;;;;;;;;;;;;;;;;;;;;;;;;;;;;;;;;;;;;;;;;;;;;;;
;;;;;;;;;;;;;;;;;;;;;;;;;;;;;;;;;;;;;;;;;;;;;;;;;;;;
;;;;;;;;;;;;;;;;;;;;;;;;;;;;;;;;;;;;;;;;;;;;;;;;;;;;
;;;;;;;;;;;;;;;;;;;;;;;;;;;;;;;;;;;;;;;;;;;;;;;;;;;;
;;;;;;;;;;;;;;;;;;;;;;;;;;;;;;;;;;;;;;;;;;;;;;;;;;;;
;;;;;;;;;;;;;;;;;;;;;;;;;;;;;;;;;;;;;;;;;;;;;;;;;;;;
;;;;;;;;;;;;;;;;;;;;;;;;;;;;;;;;;;;;;;;;;;;;;;;;;;;;
;;;;;;;;;;;;;;;;;;;;;;;;;;;;;;;;;;;;;;;;;;;;;;;;;;;;
;;;;;;;;;;;;;;;;;;;;;;;;;;;;;;;;;;;;;;;;;;;;;;;;;;;;
;;;;;;;;;;;;;;;;;;;;;;;;;;;;;;;;;;;;;;;;;;;;;;;;;;;;
;;;;;;;;;;;;;;;;;;;;;;;;;;;;;;;;;;;;;;;;;;;;;;;;;;;;
;;;;;;;;;;;;;;;;;;;;;;;;;;;;;;;;;;;;;;;;;;;;;;;;;;;;
;;;;;;;;;;;;;;;;;;;;;;;;;;;;;;;;;;;;;;;;;;;;;;;;;;;;
;;;;;;;;;;;;;;;;;;;;;;;;;;;;;;;;;;;;;;;;;;;;;;;;;;;;
;;;;;;;;;;;;;;;;;;;;;;;;;;;;;;;;;;;;;;;;;;;;;;;;;;;;
;;;;;;;;;;;;;;;;;;;;;;;;;;;;;;;;;;;;;;;;;;;;;;;;;;;;
;;;;;;;;;;;;;;;;;;;;;;;;;;;;;;;;;;;;;;;;;;;;;;;;;;;;
;;;;;;;;;;;;;;;;;;;;;;;;;;;;;;;;;;;;;;;;;;;;;;;;;;;;
;;;;;;;;;;;;;;;;;;;;;;;;;;;;;;;;;;;;;;;;;;;;;;;;;;;;
;;;;;;;;;;;;;;;;;;;;;;;;;;;;;;;;;;;;;;;;;;;;;;;;;;;;
;;;;;;;;;;;;;;;;;;;;;;;;;;;;;;;;;;;;;;;;;;;;;;;;;;;;
;;;;;;;;;;;;;;;;;;;;;;;;;;;;;;;;;;;;;;;;;;;;;;;;;;;;
;;;;;;;;;;;;;;;;;;;;;;;;;;;;;;;;;;;;;;;;;;;;;;;;;;;;
;;;;;;;;;;;;;;;;;;;;;;;;;;;;;;;;;;;;;;;;;;;;;;;;;;;;
;;;;;;;;;;;;;;;;;;;;;;;;;;;;;;;;;;;;;;;;;;;;;;;;;;;;
;;;;;;;;;;;;;;;;;;;;;;;;;;;;;;;;;;;;;;;;;;;;;;;;;;;;
;;;;;;;;;;;;;;;;;;;;;;;;;;;;;;;;;;;;;;;;;;;;;;;;;;;;
;;;;;;;;;;;;;;;;;;;;;;;;;;;;;;;;;;;;;;;;;;;;;;;;;;;;
;;;;;;;;;;;;;;;;;;;;;;;;;;;;;;;;;;;;;;;;;;;;;;;;;;;;
;;;;;;;;;;;;;;;;;;;;;;;;;;;;;;;;;;;;;;;;;;;;;;;;;;;;
;;;;;;;;;;;;;;;;;;;;;;;;;;;;;;;;;;;;;;;;;;;;;;;;;;;;
;;;;;;;;;;;;;;;;;;;;;;;;;;;;;;;;;;;;;;;;;;;;;;;;;;;;
;;;;;;;;;;;;;;;;;;;;;;;;;;;;;;;;;;;;;;;;;;;;;;;;;;;;
;;;;;;;;;;;;;;;;;;;;;;;;;;;;;;;;;;;;;;;;;;;;;;;;;;;;
;;;;;;;;;;;;;;;;;;;;;;;;;;;;;;;;;;;;;;;;;;;;;;;;;;;;
;;;;;;;;;;;;;;;;;;;;;;;;;;;;;;;;;;;;;;;;;;;;;;;;;;;;
;;;;;;;;;;;;;;;;;;;;;;;;;;;;;;;;;;;;;;;;;;;;;;;;;;;;
;;;;;;;;;;;;;;;;;;;;;;;;;;;;;;;;;;;;;;;;;;;;;;;;;;;;
;;;;;;;;;;;;;;;;;;;;;;;;;;;;;;;;;;;;;;;;;;;;;;;;;;;;
;;;;;;;;;;;;;;;;;;;;;;;;;;;;;;;;;;;;;;;;;;;;;;;;;;;;
;;;;;;;;;;;;;;;;;;;;;;;;;;;;;;;;;;;;;;;;;;;;;;;;;;;;
;;;;;;;;;;;;;;;;;;;;;;;;;;;;;;;;;;;;;;;;;;;;;;;;;;;;
;;;;;;;;;;;;;;;;;;;;;;;;;;;;;;;;;;;;;;;;;;;;;;;;;;;;
;;;;;;;;;;;;;;;;;;;;;;;;;;;;;;;;;;;;;;;;;;;;;;;;;;;;
;;;;;;;;;;;;;;;;;;;;;;;;;;;;;;;;;;;;;;;;;;;;;;;;;;;;
;;;;;;;;;;;;;;;;;;;;;;;;;;;;;;;;;;;;;;;;;;;;;;;;;;;;
;;;;;;;;;;;;;;;;;;;;;;;;;;;;;;;;;;;;;;;;;;;;;;;;;;;;
;;;;;;;;;;;;;;;;;;;;;;;;;;;;;;;;;;;;;;;;;;;;;;;;;;;;
;;;;;;;;;;;;;;;;;;;;;;;;;;;;;;;;;;;;;;;;;;;;;;;;;;;;
;;;;;;;;;;;;;;;;;;;;;;;;;;;;;;;;;;;;;;;;;;;;;;;;;;;;
;;;;;;;;;;;;;;;;;;;;;;;;;;;;;;;;;;;;;;;;;;;;;;;;;;;;
;;;;;;;;;;;;;;;;;;;;;;;;;;;;;;;;;;;;;;;;;;;;;;;;;;;;
;;;;;;;;;;;;;;;;;;;;;;;;;;;;;;;;;;;;;;;;;;;;;;;;;;;;
;;;;;;;;;;;;;;;;;;;;;;;;;;;;;;;;;;;;;;;;;;;;;;;;;;;;
;;;;;;;;;;;;;;;;;;;;;;;;;;;;;;;;;;;;;;;;;;;;;;;;;;;;
;;;;;;;;;;;;;;;;;;;;;;;;;;;;;;;;;;;;;;;;;;;;;;;;;;;;
;;;;;;;;;;;;;;;;;;;;;;;;;;;;;;;;;;;;;;;;;;;;;;;;;;;;
;;;;;;;;;;;;;;;;;;;;;;;;;;;;;;;;;;;;;;;;;;;;;;;;;;;;
;;;;;;;;;;;;;;;;;;;;;;;;;;;;;;;;;;;;;;;;;;;;;;;;;;;;
;;;;;;;;;;;;;;;;;;;;;;;;;;;;;;;;;;;;;;;;;;;;;;;;;;;;
;;;;;;;;;;;;;;;;;;;;;;;;;;;;;;;;;;;;;;;;;;;;;;;;;;;;
;;;;;;;;;;;;;;;;;;;;;;;;;;;;;;;;;;;;;;;;;;;;;;;;;;;;
;;;;;;;;;;;;;;;;;;;;;;;;;;;;;;;;;;;;;;;;;;;;;;;;;;;;
;;;;;;;;;;;;;;;;;;;;;;;;;;;;;;;;;;;;;;;;;;;;;;;;;;;;
;;;;;;;;;;;;;;;;;;;;;;;;;;;;;;;;;;;;;;;;;;;;;;;;;;;;
;;;;;;;;;;;;;;;;;;;;;;;;;;;;;;;;;;;;;;;;;;;;;;;;;;;;
;;;;;;;;;;;;;;;;;;;;;;;;;;;;;;;;;;;;;;;;;;;;;;;;;;;;
;;;;;;;;;;;;;;;;;;;;;;;;;;;;;;;;;;;;;;;;;;;;;;;;;;;;
;;;;;;;;;;;;;;;;;;;;;;;;;;;;;;;;;;;;;;;;;;;;;;;;;;;;
;;;;;;;;;;;;;;;;;;;;;;;;;;;;;;;;;;;;;;;;;;;;;;;;;;;;
;;;;;;;;;;;;;;;;;;;;;;;;;;;;;;;;;;;;;;;;;;;;;;;;;;;;
;;;;;;;;;;;;;;;;;;;;;;;;;;;;;;;;;;;;;;;;;;;;;;;;;;;;
;;;;;;;;;;;;;;;;;;;;;;;;;;;;;;;;;;;;;;;;;;;;;;;;;;;;
;;;;;;;;;;;;;;;;;;;;;;;;;;;;;;;;;;;;;;;;;;;;;;;;;;;;
;;;;;;;;;;;;;;;;;;;;;;;;;;;;;;;;;;;;;;;;;;;;;;;;;;;;
;;;;;;;;;;;;;;;;;;;;;;;;;;;;;;;;;;;;;;;;;;;;;;;;;;;;
;;;;;;;;;;;;;;;;;;;;;;;;;;;;;;;;;;;;;;;;;;;;;;;;;;;;
;;;;;;;;;;;;;;;;;;;;;;;;;;;;;;;;;;;;;;;;;;;;;;;;;;;;
;;;;;;;;;;;;;;;;;;;;;;;;;;;;;;;;;;;;;;;;;;;;;;;;;;;;
;;;;;;;;;;;;;;;;;;;;;;;;;;;;;;;;;;;;;;;;;;;;;;;;;;;;
;;;;;;;;;;;;;;;;;;;;;;;;;;;;;;;;;;;;;;;;;;;;;;;;;;;;
;;;;;;;;;;;;;;;;;;;;;;;;;;;;;;;;;;;;;;;;;;;;;;;;;;;;
;;;;;;;;;;;;;;;;;;;;;;;;;;;;;;;;;;;;;;;;;;;;;;;;;;;;
;;;;;;;;;;;;;;;;;;;;;;;;;;;;;;;;;;;;;;;;;;;;;;;;;;;;
;;;;;;;;;;;;;;;;;;;;;;;;;;;;;;;;;;;;;;;;;;;;;;;;;;;;
;;;;;;;;;;;;;;;;;;;;;;;;;;;;;;;;;;;;;;;;;;;;;;;;;;;;
;;;;;;;;;;;;;;;;;;;;;;;;;;;;;;;;;;;;;;;;;;;;;;;;;;;;
;;;;;;;;;;;;;;;;;;;;;;;;;;;;;;;;;;;;;;;;;;;;;;;;;;;;
;;;;;;;;;;;;;;;;;;;;;;;;;;;;;;;;;;;;;;;;;;;;;;;;;;;;
;;;;;;;;;;;;;;;;;;;;;;;;;;;;;;;;;;;;;;;;;;;;;;;;;;;;
;;;;;;;;;;;;;;;;;;;;;;;;;;;;;;;;;;;;;;;;;;;;;;;;;;;;
;;;;;;;;;;;;;;;;;;;;;;;;;;;;;;;;;;;;;;;;;;;;;;;;;;;;
;;;;;;;;;;;;;;;;;;;;;;;;;;;;;;;;;;;;;;;;;;;;;;;;;;;;
;;;;;;;;;;;;;;;;;;;;;;;;;;;;;;;;;;;;;;;;;;;;;;;;;;;;
;;;;;;;;;;;;;;;;;;;;;;;;;;;;;;;;;;;;;;;;;;;;;;;;;;;;
;;;;;;;;;;;;;;;;;;;;;;;;;;;;;;;;;;;;;;;;;;;;;;;;;;;;
;;;;;;;;;;;;;;;;;;;;;;;;;;;;;;;;;;;;;;;;;;;;;;;;;;;;
;;;;;;;;;;;;;;;;;;;;;;;;;;;;;;;;;;;;;;;;;;;;;;;;;;;;
;;;;;;;;;;;;;;;;;;;;;;;;;;;;;;;;;;;;;;;;;;;;;;;;;;;;
;;;;;;;;;;;;;;;;;;;;;;;;;;;;;;;;;;;;;;;;;;;;;;;;;;;;
;;;;;;;;;;;;;;;;;;;;;;;;;;;;;;;;;;;;;;;;;;;;;;;;;;;;
;;;;;;;;;;;;;;;;;;;;;;;;;;;;;;;;;;;;;;;;;;;;;;;;;;;;
;;;;;;;;;;;;;;;;;;;;;;;;;;;;;;;;;;;;;;;;;;;;;;;;;;;;
;;;;;;;;;;;;;;;;;;;;;;;;;;;;;;;;;;;;;;;;;;;;;;;;;;;;
;;;;;;;;;;;;;;;;;;;;;;;;;;;;;;;;;;;;;;;;;;;;;;;;;;;;
;;;;;;;;;;;;;;;;;;;;;;;;;;;;;;;;;;;;;;;;;;;;;;;;;;;;
;;;;;;;;;;;;;;;;;;;;;;;;;;;;;;;;;;;;;;;;;;;;;;;;;;;;
;;;;;;;;;;;;;;;;;;;;;;;;;;;;;;;;;;;;;;;;;;;;;;;;;;;;
;;;;;;;;;;;;;;;;;;;;;;;;;;;;;;;;;;;;;;;;;;;;;;;;;;;;
;;;;;;;;;;;;;;;;;;;;;;;;;;;;;;;;;;;;;;;;;;;;;;;;;;;;
;;;;;;;;;;;;;;;;;;;;;;;;;;;;;;;;;;;;;;;;;;;;;;;;;;;;
;;;;;;;;;;;;;;;;;;;;;;;;;;;;;;;;;;;;;;;;;;;;;;;;;;;;
;;;;;;;;;;;;;;;;;;;;;;;;;;;;;;;;;;;;;;;;;;;;;;;;;;;;
;;;;;;;;;;;;;;;;;;;;;;;;;;;;;;;;;;;;;;;;;;;;;;;;;;;;
;;;;;;;;;;;;;;;;;;;;;;;;;;;;;;;;;;;;;;;;;;;;;;;;;;;;
;;;;;;;;;;;;;;;;;;;;;;;;;;;;;;;;;;;;;;;;;;;;;;;;;;;;
;;;;;;;;;;;;;;;;;;;;;;;;;;;;;;;;;;;;;;;;;;;;;;;;;;;;
;;;;;;;;;;;;;;;;;;;;;;;;;;;;;;;;;;;;;;;;;;;;;;;;;;;;
;;;;;;;;;;;;;;;;;;;;;;;;;;;;;;;;;;;;;;;;;;;;;;;;;;;;
;;;;;;;;;;;;;;;;;;;;;;;;;;;;;;;;;;;;;;;;;;;;;;;;;;;;
;;;;;;;;;;;;;;;;;;;;;;;;;;;;;;;;;;;;;;;;;;;;;;;;;;;;
;;;;;;;;;;;;;;;;;;;;;;;;;;;;;;;;;;;;;;;;;;;;;;;;;;;;
;;;;;;;;;;;;;;;;;;;;;;;;;;;;;;;;;;;;;;;;;;;;;;;;;;;;
;;;;;;;;;;;;;;;;;;;;;;;;;;;;;;;;;;;;;;;;;;;;;;;;;;;;
;;;;;;;;;;;;;;;;;;;;;;;;;;;;;;;;;;;;;;;;;;;;;;;;;;;;
;;;;;;;;;;;;;;;;;;;;;;;;;;;;;;;;;;;;;;;;;;;;;;;;;;;;
;;;;;;;;;;;;;;;;;;;;;;;;;;;;;;;;;;;;;;;;;;;;;;;;;;;;
;;;;;;;;;;;;;;;;;;;;;;;;;;;;;;;;;;;;;;;;;;;;;;;;;;;;
;;;;;;;;;;;;;;;;;;;;;;;;;;;;;;;;;;;;;;;;;;;;;;;;;;;;
;;;;;;;;;;;;;;;;;;;;;;;;;;;;;;;;;;;;;;;;;;;;;;;;;;;;
;;;;;;;;;;;;;;;;;;;;;;;;;;;;;;;;;;;;;;;;;;;;;;;;;;;;
;;;;;;;;;;;;;;;;;;;;;;;;;;;;;;;;;;;;;;;;;;;;;;;;;;;;
;;;;;;;;;;;;;;;;;;;;;;;;;;;;;;;;;;;;;;;;;;;;;;;;;;;;
;;;;;;;;;;;;;;;;;;;;;;;;;;;;;;;;;;;;;;;;;;;;;;;;;;;;
;;;;;;;;;;;;;;;;;;;;;;;;;;;;;;;;;;;;;;;;;;;;;;;;;;;;
;;;;;;;;;;;;;;;;;;;;;;;;;;;;;;;;;;;;;;;;;;;;;;;;;;;;
;;;;;;;;;;;;;;;;;;;;;;;;;;;;;;;;;;;;;;;;;;;;;;;;;;;;
;;;;;;;;;;;;;;;;;;;;;;;;;;;;;;;;;;;;;;;;;;;;;;;;;;;;
;;;;;;;;;;;;;;;;;;;;;;;;;;;;;;;;;;;;;;;;;;;;;;;;;;;;
;;;;;;;;;;;;;;;;;;;;;;;;;;;;;;;;;;;;;;;;;;;;;;;;;;;;
;;;;;;;;;;;;;;;;;;;;;;;;;;;;;;;;;;;;;;;;;;;;;;;;;;;;
;;;;;;;;;;;;;;;;;;;;;;;;;;;;;;;;;;;;;;;;;;;;;;;;;;;;
;;;;;;;;;;;;;;;;;;;;;;;;;;;;;;;;;;;;;;;;;;;;;;;;;;;;
;;;;;;;;;;;;;;;;;;;;;;;;;;;;;;;;;;;;;;;;;;;;;;;;;;;;
;;;;;;;;;;;;;;;;;;;;;;;;;;;;;;;;;;;;;;;;;;;;;;;;;;;;
;;;;;;;;;;;;;;;;;;;;;;;;;;;;;;;;;;;;;;;;;;;;;;;;;;;;
;;;;;;;;;;;;;;;;;;;;;;;;;;;;;;;;;;;;;;;;;;;;;;;;;;;;
;;;;;;;;;;;;;;;;;;;;;;;;;;;;;;;;;;;;;;;;;;;;;;;;;;;;
;;;;;;;;;;;;;;;;;;;;;;;;;;;;;;;;;;;;;;;;;;;;;;;;;;;;
;;;;;;;;;;;;;;;;;;;;;;;;;;;;;;;;;;;;;;;;;;;;;;;;;;;;
;;;;;;;;;;;;;;;;;;;;;;;;;;;;;;;;;;;;;;;;;;;;;;;;;;;;
;;;;;;;;;;;;;;;;;;;;;;;;;;;;;;;;;;;;;;;;;;;;;;;;;;;;
;;;;;;;;;;;;;;;;;;;;;;;;;;;;;;;;;;;;;;;;;;;;;;;;;;;;
;;;;;;;;;;;;;;;;;;;;;;;;;;;;;;;;;;;;;;;;;;;;;;;;;;;;
;;;;;;;;;;;;;;;;;;;;;;;;;;;;;;;;;;;;;;;;;;;;;;;;;;;;
;;;;;;;;;;;;;;;;;;;;;;;;;;;;;;;;;;;;;;;;;;;;;;;;;;;;
;;;;;;;;;;;;;;;;;;;;;;;;;;;;;;;;;;;;;;;;;;;;;;;;;;;;
;;;;;;;;;;;;;;;;;;;;;;;;;;;;;;;;;;;;;;;;;;;;;;;;;;;;
;;;;;;;;;;;;;;;;;;;;;;;;;;;;;;;;;;;;;;;;;;;;;;;;;;;;
;;;;;;;;;;;;;;;;;;;;;;;;;;;;;;;;;;;;;;;;;;;;;;;;;;;;
;;;;;;;;;;;;;;;;;;;;;;;;;;;;;;;;;;;;;;;;;;;;;;;;;;;;
;;;;;;;;;;;;;;;;;;;;;;;;;;;;;;;;;;;;;;;;;;;;;;;;;;;;
;;;;;;;;;;;;;;;;;;;;;;;;;;;;;;;;;;;;;;;;;;;;;;;;;;;;
;;;;;;;;;;;;;;;;;;;;;;;;;;;;;;;;;;;;;;;;;;;;;;;;;;;;
;;;;;;;;;;;;;;;;;;;;;;;;;;;;;;;;;;;;;;;;;;;;;;;;;;;;
;;;;;;;;;;;;;;;;;;;;;;;;;;;;;;;;;;;;;;;;;;;;;;;;;;;;
;;;;;;;;;;;;;;;;;;;;;;;;;;;;;;;;;;;;;;;;;;;;;;;;;;;;
;;;;;;;;;;;;;;;;;;;;;;;;;;;;;;;;;;;;;;;;;;;;;;;;;;;;
;;;;;;;;;;;;;;;;;;;;;;;;;;;;;;;;;;;;;;;;;;;;;;;;;;;;
;;;;;;;;;;;;;;;;;;;;;;;;;;;;;;;;;;;;;;;;;;;;;;;;;;;;
;;;;;;;;;;;;;;;;;;;;;;;;;;;;;;;;;;;;;;;;;;;;;;;;;;;;
;;;;;;;;;;;;;;;;;;;;;;;;;;;;;;;;;;;;;;;;;;;;;;;;;;;;
;;;;;;;;;;;;;;;;;;;;;;;;;;;;;;;;;;;;;;;;;;;;;;;;;;;;
;;;;;;;;;;;;;;;;;;;;;;;;;;;;;;;;;;;;;;;;;;;;;;;;;;;;
;;;;;;;;;;;;;;;;;;;;;;;;;;;;;;;;;;;;;;;;;;;;;;;;;;;;
;;;;;;;;;;;;;;;;;;;;;;;;;;;;;;;;;;;;;;;;;;;;;;;;;;;;
;;;;;;;;;;;;;;;;;;;;;;;;;;;;;;;;;;;;;;;;;;;;;;;;;;;;
;;;;;;;;;;;;;;;;;;;;;;;;;;;;;;;;;;;;;;;;;;;;;;;;;;;;
;;;;;;;;;;;;;;;;;;;;;;;;;;;;;;;;;;;;;;;;;;;;;;;;;;;;
;;;;;;;;;;;;;;;;;;;;;;;;;;;;;;;;;;;;;;;;;;;;;;;;;;;;
;;;;;;;;;;;;;;;;;;;;;;;;;;;;;;;;;;;;;;;;;;;;;;;;;;;;
;;;;;;;;;;;;;;;;;;;;;;;;;;;;;;;;;;;;;;;;;;;;;;;;;;;;
;;;;;;;;;;;;;;;;;;;;;;;;;;;;;;;;;;;;;;;;;;;;;;;;;;;;
;;;;;;;;;;;;;;;;;;;;;;;;;;;;;;;;;;;;;;;;;;;;;;;;;;;;
;;;;;;;;;;;;;;;;;;;;;;;;;;;;;;;;;;;;;;;;;;;;;;;;;;;;
;;;;;;;;;;;;;;;;;;;;;;;;;;;;;;;;;;;;;;;;;;;;;;;;;;;;
;;;;;;;;;;;;;;;;;;;;;;;;;;;;;;;;;;;;;;;;;;;;;;;;;;;;
;;;;;;;;;;;;;;;;;;;;;;;;;;;;;;;;;;;;;;;;;;;;;;;;;;;;
;;;;;;;;;;;;;;;;;;;;;;;;;;;;;;;;;;;;;;;;;;;;;;;;;;;;
;;;;;;;;;;;;;;;;;;;;;;;;;;;;;;;;;;;;;;;;;;;;;;;;;;;;
;;;;;;;;;;;;;;;;;;;;;;;;;;;;;;;;;;;;;;;;;;;;;;;;;;;;
;;;;;;;;;;;;;;;;;;;;;;;;;;;;;;;;;;;;;;;;;;;;;;;;;;;;
;;;;;;;;;;;;;;;;;;;;;;;;;;;;;;;;;;;;;;;;;;;;;;;;;;;;
;;;;;;;;;;;;;;;;;;;;;;;;;;;;;;;;;;;;;;;;;;;;;;;;;;;;
;;;;;;;;;;;;;;;;;;;;;;;;;;;;;;;;;;;;;;;;;;;;;;;;;;;;
;;;;;;;;;;;;;;;;;;;;;;;;;;;;;;;;;;;;;;;;;;;;;;;;;;;;
;;;;;;;;;;;;;;;;;;;;;;;;;;;;;;;;;;;;;;;;;;;;;;;;;;;;
;;;;;;;;;;;;;;;;;;;;;;;;;;;;;;;;;;;;;;;;;;;;;;;;;;;;
;;;;;;;;;;;;;;;;;;;;;;;;;;;;;;;;;;;;;;;;;;;;;;;;;;;;
;;;;;;;;;;;;;;;;;;;;;;;;;;;;;;;;;;;;;;;;;;;;;;;;;;;;
;;;;;;;;;;;;;;;;;;;;;;;;;;;;;;;;;;;;;;;;;;;;;;;;;;;;
;;;;;;;;;;;;;;;;;;;;;;;;;;;;;;;;;;;;;;;;;;;;;;;;;;;;
;;;;;;;;;;;;;;;;;;;;;;;;;;;;;;;;;;;;;;;;;;;;;;;;;;;;
;;;;;;;;;;;;;;;;;;;;;;;;;;;;;;;;;;;;;;;;;;;;;;;;;;;;
;;;;;;;;;;;;;;;;;;;;;;;;;;;;;;;;;;;;;;;;;;;;;;;;;;;;
;;;;;;;;;;;;;;;;;;;;;;;;;;;;;;;;;;;;;;;;;;;;;;;;;;;;
;;;;;;;;;;;;;;;;;;;;;;;;;;;;;;;;;;;;;;;;;;;;;;;;;;;;
;;;;;;;;;;;;;;;;;;;;;;;;;;;;;;;;;;;;;;;;;;;;;;;;;;;;
;;;;;;;;;;;;;;;;;;;;;;;;;;;;;;;;;;;;;;;;;;;;;;;;;;;;
;;;;;;;;;;;;;;;;;;;;;;;;;;;;;;;;;;;;;;;;;;;;;;;;;;;;
;;;;;;;;;;;;;;;;;;;;;;;;;;;;;;;;;;;;;;;;;;;;;;;;;;;;
;;;;;;;;;;;;;;;;;;;;;;;;;;;;;;;;;;;;;;;;;;;;;;;;;;;;
;;;;;;;;;;;;;;;;;;;;;;;;;;;;;;;;;;;;;;;;;;;;;;;;;;;;
;;;;;;;;;;;;;;;;;;;;;;;;;;;;;;;;;;;;;;;;;;;;;;;;;;;;
;;;;;;;;;;;;;;;;;;;;;;;;;;;;;;;;;;;;;;;;;;;;;;;;;;;;
;;;;;;;;;;;;;;;;;;;;;;;;;;;;;;;;;;;;;;;;;;;;;;;;;;;;
;;;;;;;;;;;;;;;;;;;;;;;;;;;;;;;;;;;;;;;;;;;;;;;;;;;;
;;;;;;;;;;;;;;;;;;;;;;;;;;;;;;;;;;;;;;;;;;;;;;;;;;;;
;;;;;;;;;;;;;;;;;;;;;;;;;;;;;;;;;;;;;;;;;;;;;;;;;;;;
;;;;;;;;;;;;;;;;;;;;;;;;;;;;;;;;;;;;;;;;;;;;;;;;;;;;
;;;;;;;;;;;;;;;;;;;;;;;;;;;;;;;;;;;;;;;;;;;;;;;;;;;;
;;;;;;;;;;;;;;;;;;;;;;;;;;;;;;;;;;;;;;;;;;;;;;;;;;;;
;;;;;;;;;;;;;;;;;;;;;;;;;;;;;;;;;;;;;;;;;;;;;;;;;;;;
;;;;;;;;;;;;;;;;;;;;;;;;;;;;;;;;;;;;;;;;;;;;;;;;;;;;
;;;;;;;;;;;;;;;;;;;;;;;;;;;;;;;;;;;;;;;;;;;;;;;;;;;;
;;;;;;;;;;;;;;;;;;;;;;;;;;;;;;;;;;;;;;;;;;;;;;;;;;;;
;;;;;;;;;;;;;;;;;;;;;;;;;;;;;;;;;;;;;;;;;;;;;;;;;;;;
;;;;;;;;;;;;;;;;;;;;;;;;;;;;;;;;;;;;;;;;;;;;;;;;;;;;
;;;;;;;;;;;;;;;;;;;;;;;;;;;;;;;;;;;;;;;;;;;;;;;;;;;;
;;;;;;;;;;;;;;;;;;;;;;;;;;;;;;;;;;;;;;;;;;;;;;;;;;;;
;;;;;;;;;;;;;;;;;;;;;;;;;;;;;;;;;;;;;;;;;;;;;;;;;;;;
;;;;;;;;;;;;;;;;;;;;;;;;;;;;;;;;;;;;;;;;;;;;;;;;;;;;
;;;;;;;;;;;;;;;;;;;;;;;;;;;;;;;;;;;;;;;;;;;;;;;;;;;;
;;;;;;;;;;;;;;;;;;;;;;;;;;;;;;;;;;;;;;;;;;;;;;;;;;;;
;;;;;;;;;;;;;;;;;;;;;;;;;;;;;;;;;;;;;;;;;;;;;;;;;;;;
;;;;;;;;;;;;;;;;;;;;;;;;;;;;;;;;;;;;;;;;;;;;;;;;;;;;
;;;;;;;;;;;;;;;;;;;;;;;;;;;;;;;;;;;;;;;;;;;;;;;;;;;;
;;;;;;;;;;;;;;;;;;;;;;;;;;;;;;;;;;;;;;;;;;;;;;;;;;;;
;;;;;;;;;;;;;;;;;;;;;;;;;;;;;;;;;;;;;;;;;;;;;;;;;;;;
;;;;;;;;;;;;;;;;;;;;;;;;;;;;;;;;;;;;;;;;;;;;;;;;;;;;
;;;;;;;;;;;;;;;;;;;;;;;;;;;;;;;;;;;;;;;;;;;;;;;;;;;;
;;;;;;;;;;;;;;;;;;;;;;;;;;;;;;;;;;;;;;;;;;;;;;;;;;;;
;;;;;;;;;;;;;;;;;;;;;;;;;;;;;;;;;;;;;;;;;;;;;;;;;;;;
;;;;;;;;;;;;;;;;;;;;;;;;;;;;;;;;;;;;;;;;;;;;;;;;;;;;
;;;;;;;;;;;;;;;;;;;;;;;;;;;;;;;;;;;;;;;;;;;;;;;;;;;;
;;;;;;;;;;;;;;;;;;;;;;;;;;;;;;;;;;;;;;;;;;;;;;;;;;;;
;;;;;;;;;;;;;;;;;;;;;;;;;;;;;;;;;;;;;;;;;;;;;;;;;;;;
;;;;;;;;;;;;;;;;;;;;;;;;;;;;;;;;;;;;;;;;;;;;;;;;;;;;
;;;;;;;;;;;;;;;;;;;;;;;;;;;;;;;;;;;;;;;;;;;;;;;;;;;;
;;;;;;;;;;;;;;;;;;;;;;;;;;;;;;;;;;;;;;;;;;;;;;;;;;;;
;;;;;;;;;;;;;;;;;;;;;;;;;;;;;;;;;;;;;;;;;;;;;;;;;;;;
;;;;;;;;;;;;;;;;;;;;;;;;;;;;;;;;;;;;;;;;;;;;;;;;;;;;
;;;;;;;;;;;;;;;;;;;;;;;;;;;;;;;;;;;;;;;;;;;;;;;;;;;;
;;;;;;;;;;;;;;;;;;;;;;;;;;;;;;;;;;;;;;;;;;;;;;;;;;;;
;;;;;;;;;;;;;;;;;;;;;;;;;;;;;;;;;;;;;;;;;;;;;;;;;;;;
;;;;;;;;;;;;;;;;;;;;;;;;;;;;;;;;;;;;;;;;;;;;;;;;;;;;
;;;;;;;;;;;;;;;;;;;;;;;;;;;;;;;;;;;;;;;;;;;;;;;;;;;;
;;;;;;;;;;;;;;;;;;;;;;;;;;;;;;;;;;;;;;;;;;;;;;;;;;;;
;;;;;;;;;;;;;;;;;;;;;;;;;;;;;;;;;;;;;;;;;;;;;;;;;;;;
;;;;;;;;;;;;;;;;;;;;;;;;;;;;;;;;;;;;;;;;;;;;;;;;;;;;
;;;;;;;;;;;;;;;;;;;;;;;;;;;;;;;;;;;;;;;;;;;;;;;;;;;;
;;;;;;;;;;;;;;;;;;;;;;;;;;;;;;;;;;;;;;;;;;;;;;;;;;;;
;;;;;;;;;;;;;;;;;;;;;;;;;;;;;;;;;;;;;;;;;;;;;;;;;;;;
;;;;;;;;;;;;;;;;;;;;;;;;;;;;;;;;;;;;;;;;;;;;;;;;;;;;
;;;;;;;;;;;;;;;;;;;;;;;;;;;;;;;;;;;;;;;;;;;;;;;;;;;;
;;;;;;;;;;;;;;;;;;;;;;;;;;;;;;;;;;;;;;;;;;;;;;;;;;;;
;;;;;;;;;;;;;;;;;;;;;;;;;;;;;;;;;;;;;;;;;;;;;;;;;;;;
;;;;;;;;;;;;;;;;;;;;;;;;;;;;;;;;;;;;;;;;;;;;;;;;;;;;
;;;;;;;;;;;;;;;;;;;;;;;;;;;;;;;;;;;;;;;;;;;;;;;;;;;;
;;;;;;;;;;;;;;;;;;;;;;;;;;;;;;;;;;;;;;;;;;;;;;;;;;;;
;;;;;;;;;;;;;;;;;;;;;;;;;;;;;;;;;;;;;;;;;;;;;;;;;;;;
;;;;;;;;;;;;;;;;;;;;;;;;;;;;;;;;;;;;;;;;;;;;;;;;;;;;
;;;;;;;;;;;;;;;;;;;;;;;;;;;;;;;;;;;;;;;;;;;;;;;;;;;;
;;;;;;;;;;;;;;;;;;;;;;;;;;;;;;;;;;;;;;;;;;;;;;;;;;;;
;;;;;;;;;;;;;;;;;;;;;;;;;;;;;;;;;;;;;;;;;;;;;;;;;;;;
;;;;;;;;;;;;;;;;;;;;;;;;;;;;;;;;;;;;;;;;;;;;;;;;;;;;
;;;;;;;;;;;;;;;;;;;;;;;;;;;;;;;;;;;;;;;;;;;;;;;;;;;;
;;;;;;;;;;;;;;;;;;;;;;;;;;;;;;;;;;;;;;;;;;;;;;;;;;;;
;;;;;;;;;;;;;;;;;;;;;;;;;;;;;;;;;;;;;;;;;;;;;;;;;;;;
;;;;;;;;;;;;;;;;;;;;;;;;;;;;;;;;;;;;;;;;;;;;;;;;;;;;
;;;;;;;;;;;;;;;;;;;;;;;;;;;;;;;;;;;;;;;;;;;;;;;;;;;;
;;;;;;;;;;;;;;;;;;;;;;;;;;;;;;;;;;;;;;;;;;;;;;;;;;;;
;;;;;;;;;;;;;;;;;;;;;;;;;;;;;;;;;;;;;;;;;;;;;;;;;;;;
;;;;;;;;;;;;;;;;;;;;;;;;;;;;;;;;;;;;;;;;;;;;;;;;;;;;
;;;;;;;;;;;;;;;;;;;;;;;;;;;;;;;;;;;;;;;;;;;;;;;;;;;;
;;;;;;;;;;;;;;;;;;;;;;;;;;;;;;;;;;;;;;;;;;;;;;;;;;;;
;;;;;;;;;;;;;;;;;;;;;;;;;;;;;;;;;;;;;;;;;;;;;;;;;;;;
;;;;;;;;;;;;;;;;;;;;;;;;;;;;;;;;;;;;;;;;;;;;;;;;;;;;
;;;;;;;;;;;;;;;;;;;;;;;;;;;;;;;;;;;;;;;;;;;;;;;;;;;;
;;;;;;;;;;;;;;;;;;;;;;;;;;;;;;;;;;;;;;;;;;;;;;;;;;;;
;;;;;;;;;;;;;;;;;;;;;;;;;;;;;;;;;;;;;;;;;;;;;;;;;;;;
;;;;;;;;;;;;;;;;;;;;;;;;;;;;;;;;;;;;;;;;;;;;;;;;;;;;
;;;;;;;;;;;;;;;;;;;;;;;;;;;;;;;;;;;;;;;;;;;;;;;;;;;;
;;;;;;;;;;;;;;;;;;;;;;;;;;;;;;;;;;;;;;;;;;;;;;;;;;;;
;;;;;;;;;;;;;;;;;;;;;;;;;;;;;;;;;;;;;;;;;;;;;;;;;;;;
;;;;;;;;;;;;;;;;;;;;;;;;;;;;;;;;;;;;;;;;;;;;;;;;;;;;
;;;;;;;;;;;;;;;;;;;;;;;;;;;;;;;;;;;;;;;;;;;;;;;;;;;;
;;;;;;;;;;;;;;;;;;;;;;;;;;;;;;;;;;;;;;;;;;;;;;;;;;;;
;;;;;;;;;;;;;;;;;;;;;;;;;;;;;;;;;;;;;;;;;;;;;;;;;;;;
;;;;;;;;;;;;;;;;;;;;;;;;;;;;;;;;;;;;;;;;;;;;;;;;;;;;
;;;;;;;;;;;;;;;;;;;;;;;;;;;;;;;;;;;;;;;;;;;;;;;;;;;;
;;;;;;;;;;;;;;;;;;;;;;;;;;;;;;;;;;;;;;;;;;;;;;;;;;;;
;;;;;;;;;;;;;;;;;;;;;;;;;;;;;;;;;;;;;;;;;;;;;;;;;;;;
;;;;;;;;;;;;;;;;;;;;;;;;;;;;;;;;;;;;;;;;;;;;;;;;;;;;
;;;;;;;;;;;;;;;;;;;;;;;;;;;;;;;;;;;;;;;;;;;;;;;;;;;;
;;;;;;;;;;;;;;;;;;;;;;;;;;;;;;;;;;;;;;;;;;;;;;;;;;;;
;;;;;;;;;;;;;;;;;;;;;;;;;;;;;;;;;;;;;;;;;;;;;;;;;;;;
;;;;;;;;;;;;;;;;;;;;;;;;;;;;;;;;;;;;;;;;;;;;;;;;;;;;
;;;;;;;;;;;;;;;;;;;;;;;;;;;;;;;;;;;;;;;;;;;;;;;;;;;;
;;;;;;;;;;;;;;;;;;;;;;;;;;;;;;;;;;;;;;;;;;;;;;;;;;;;
;;;;;;;;;;;;;;;;;;;;;;;;;;;;;;;;;;;;;;;;;;;;;;;;;;;;
;;;;;;;;;;;;;;;;;;;;;;;;;;;;;;;;;;;;;;;;;;;;;;;;;;;;
;;;;;;;;;;;;;;;;;;;;;;;;;;;;;;;;;;;;;;;;;;;;;;;;;;;;
;;;;;;;;;;;;;;;;;;;;;;;;;;;;;;;;;;;;;;;;;;;;;;;;;;;;
;;;;;;;;;;;;;;;;;;;;;;;;;;;;;;;;;;;;;;;;;;;;;;;;;;;;
;;;;;;;;;;;;;;;;;;;;;;;;;;;;;;;;;;;;;;;;;;;;;;;;;;;;
;;;;;;;;;;;;;;;;;;;;;;;;;;;;;;;;;;;;;;;;;;;;;;;;;;;;
;;;;;;;;;;;;;;;;;;;;;;;;;;;;;;;;;;;;;;;;;;;;;;;;;;;;
;;;;;;;;;;;;;;;;;;;;;;;;;;;;;;;;;;;;;;;;;;;;;;;;;;;;
;;;;;;;;;;;;;;;;;;;;;;;;;;;;;;;;;;;;;;;;;;;;;;;;;;;;
;;;;;;;;;;;;;;;;;;;;;;;;;;;;;;;;;;;;;;;;;;;;;;;;;;;;
;;;;;;;;;;;;;;;;;;;;;;;;;;;;;;;;;;;;;;;;;;;;;;;;;;;;
;;;;;;;;;;;;;;;;;;;;;;;;;;;;;;;;;;;;;;;;;;;;;;;;;;;;
;;;;;;;;;;;;;;;;;;;;;;;;;;;;;;;;;;;;;;;;;;;;;;;;;;;;
;;;;;;;;;;;;;;;;;;;;;;;;;;;;;;;;;;;;;;;;;;;;;;;;;;;;
;;;;;;;;;;;;;;;;;;;;;;;;;;;;;;;;;;;;;;;;;;;;;;;;;;;;
;;;;;;;;;;;;;;;;;;;;;;;;;;;;;;;;;;;;;;;;;;;;;;;;;;;;
;;;;;;;;;;;;;;;;;;;;;;;;;;;;;;;;;;;;;;;;;;;;;;;;;;;;
;;;;;;;;;;;;;;;;;;;;;;;;;;;;;;;;;;;;;;;;;;;;;;;;;;;;
;;;;;;;;;;;;;;;;;;;;;;;;;;;;;;;;;;;;;;;;;;;;;;;;;;;;
;;;;;;;;;;;;;;;;;;;;;;;;;;;;;;;;;;;;;;;;;;;;;;;;;;;;
;;;;;;;;;;;;;;;;;;;;;;;;;;;;;;;;;;;;;;;;;;;;;;;;;;;;
;;;;;;;;;;;;;;;;;;;;;;;;;;;;;;;;;;;;;;;;;;;;;;;;;;;;
;;;;;;;;;;;;;;;;;;;;;;;;;;;;;;;;;;;;;;;;;;;;;;;;;;;;
;;;;;;;;;;;;;;;;;;;;;;;;;;;;;;;;;;;;;;;;;;;;;;;;;;;;
;;;;;;;;;;;;;;;;;;;;;;;;;;;;;;;;;;;;;;;;;;;;;;;;;;;;
;;;;;;;;;;;;;;;;;;;;;;;;;;;;;;;;;;;;;;;;;;;;;;;;;;;;
;;;;;;;;;;;;;;;;;;;;;;;;;;;;;;;;;;;;;;;;;;;;;;;;;;;;
;;;;;;;;;;;;;;;;;;;;;;;;;;;;;;;;;;;;;;;;;;;;;;;;;;;;
;;;;;;;;;;;;;;;;;;;;;;;;;;;;;;;;;;;;;;;;;;;;;;;;;;;;
;;;;;;;;;;;;;;;;;;;;;;;;;;;;;;;;;;;;;;;;;;;;;;;;;;;;
;;;;;;;;;;;;;;;;;;;;;;;;;;;;;;;;;;;;;;;;;;;;;;;;;;;;
;;;;;;;;;;;;;;;;;;;;;;;;;;;;;;;;;;;;;;;;;;;;;;;;;;;;
;;;;;;;;;;;;;;;;;;;;;;;;;;;;;;;;;;;;;;;;;;;;;;;;;;;;
;;;;;;;;;;;;;;;;;;;;;;;;;;;;;;;;;;;;;;;;;;;;;;;;;;;;
;;;;;;;;;;;;;;;;;;;;;;;;;;;;;;;;;;;;;;;;;;;;;;;;;;;;
;;;;;;;;;;;;;;;;;;;;;;;;;;;;;;;;;;;;;;;;;;;;;;;;;;;;
;;;;;;;;;;;;;;;;;;;;;;;;;;;;;;;;;;;;;;;;;;;;;;;;;;;;
;;;;;;;;;;;;;;;;;;;;;;;;;;;;;;;;;;;;;;;;;;;;;;;;;;;;
;;;;;;;;;;;;;;;;;;;;;;;;;;;;;;;;;;;;;;;;;;;;;;;;;;;;
;;;;;;;;;;;;;;;;;;;;;;;;;;;;;;;;;;;;;;;;;;;;;;;;;;;;
;;;;;;;;;;;;;;;;;;;;;;;;;;;;;;;;;;;;;;;;;;;;;;;;;;;;
;;;;;;;;;;;;;;;;;;;;;;;;;;;;;;;;;;;;;;;;;;;;;;;;;;;;
;;;;;;;;;;;;;;;;;;;;;;;;;;;;;;;;;;;;;;;;;;;;;;;;;;;;
;;;;;;;;;;;;;;;;;;;;;;;;;;;;;;;;;;;;;;;;;;;;;;;;;;;;
;;;;;;;;;;;;;;;;;;;;;;;;;;;;;;;;;;;;;;;;;;;;;;;;;;;;
;;;;;;;;;;;;;;;;;;;;;;;;;;;;;;;;;;;;;;;;;;;;;;;;;;;;
;;;;;;;;;;;;;;;;;;;;;;;;;;;;;;;;;;;;;;;;;;;;;;;;;;;;
;;;;;;;;;;;;;;;;;;;;;;;;;;;;;;;;;;;;;;;;;;;;;;;;;;;;
;;;;;;;;;;;;;;;;;;;;;;;;;;;;;;;;;;;;;;;;;;;;;;;;;;;;
;;;;;;;;;;;;;;;;;;;;;;;;;;;;;;;;;;;;;;;;;;;;;;;;;;;;
;;;;;;;;;;;;;;;;;;;;;;;;;;;;;;;;;;;;;;;;;;;;;;;;;;;;
;;;;;;;;;;;;;;;;;;;;;;;;;;;;;;;;;;;;;;;;;;;;;;;;;;;;
;;;;;;;;;;;;;;;;;;;;;;;;;;;;;;;;;;;;;;;;;;;;;;;;;;;;
;;;;;;;;;;;;;;;;;;;;;;;;;;;;;;;;;;;;;;;;;;;;;;;;;;;;
;;;;;;;;;;;;;;;;;;;;;;;;;;;;;;;;;;;;;;;;;;;;;;;;;;;;
;;;;;;;;;;;;;;;;;;;;;;;;;;;;;;;;;;;;;;;;;;;;;;;;;;;;
;;;;;;;;;;;;;;;;;;;;;;;;;;;;;;;;;;;;;;;;;;;;;;;;;;;;
;;;;;;;;;;;;;;;;;;;;;;;;;;;;;;;;;;;;;;;;;;;;;;;;;;;;
;;;;;;;;;;;;;;;;;;;;;;;;;;;;;;;;;;;;;;;;;;;;;;;;;;;;
;;;;;;;;;;;;;;;;;;;;;;;;;;;;;;;;;;;;;;;;;;;;;;;;;;;;
;;;;;;;;;;;;;;;;;;;;;;;;;;;;;;;;;;;;;;;;;;;;;;;;;;;;
;;;;;;;;;;;;;;;;;;;;;;;;;;;;;;;;;;;;;;;;;;;;;;;;;;;;
;;;;;;;;;;;;;;;;;;;;;;;;;;;;;;;;;;;;;;;;;;;;;;;;;;;;
;;;;;;;;;;;;;;;;;;;;;;;;;;;;;;;;;;;;;;;;;;;;;;;;;;;;
;;;;;;;;;;;;;;;;;;;;;;;;;;;;;;;;;;;;;;;;;;;;;;;;;;;;
;;;;;;;;;;;;;;;;;;;;;;;;;;;;;;;;;;;;;;;;;;;;;;;;;;;;
;;;;;;;;;;;;;;;;;;;;;;;;;;;;;;;;;;;;;;;;;;;;;;;;;;;;
;;;;;;;;;;;;;;;;;;;;;;;;;;;;;;;;;;;;;;;;;;;;;;;;;;;;
;;;;;;;;;;;;;;;;;;;;;;;;;;;;;;;;;;;;;;;;;;;;;;;;;;;;
;;;;;;;;;;;;;;;;;;;;;;;;;;;;;;;;;;;;;;;;;;;;;;;;;;;;
;;;;;;;;;;;;;;;;;;;;;;;;;;;;;;;;;;;;;;;;;;;;;;;;;;;;
;;;;;;;;;;;;;;;;;;;;;;;;;;;;;;;;;;;;;;;;;;;;;;;;;;;;
;;;;;;;;;;;;;;;;;;;;;;;;;;;;;;;;;;;;;;;;;;;;;;;;;;;;
;;;;;;;;;;;;;;;;;;;;;;;;;;;;;;;;;;;;;;;;;;;;;;;;;;;;
;;;;;;;;;;;;;;;;;;;;;;;;;;;;;;;;;;;;;;;;;;;;;;;;;;;;
;;;;;;;;;;;;;;;;;;;;;;;;;;;;;;;;;;;;;;;;;;;;;;;;;;;;
;;;;;;;;;;;;;;;;;;;;;;;;;;;;;;;;;;;;;;;;;;;;;;;;;;;;
;;;;;;;;;;;;;;;;;;;;;;;;;;;;;;;;;;;;;;;;;;;;;;;;;;;;
;;;;;;;;;;;;;;;;;;;;;;;;;;;;;;;;;;;;;;;;;;;;;;;;;;;;
;;;;;;;;;;;;;;;;;;;;;;;;;;;;;;;;;;;;;;;;;;;;;;;;;;;;
;;;;;;;;;;;;;;;;;;;;;;;;;;;;;;;;;;;;;;;;;;;;;;;;;;;;
;;;;;;;;;;;;;;;;;;;;;;;;;;;;;;;;;;;;;;;;;;;;;;;;;;;;
;;;;;;;;;;;;;;;;;;;;;;;;;;;;;;;;;;;;;;;;;;;;;;;;;;;;
;;;;;;;;;;;;;;;;;;;;;;;;;;;;;;;;;;;;;;;;;;;;;;;;;;;;
;;;;;;;;;;;;;;;;;;;;;;;;;;;;;;;;;;;;;;;;;;;;;;;;;;;;
;;;;;;;;;;;;;;;;;;;;;;;;;;;;;;;;;;;;;;;;;;;;;;;;;;;;
;;;;;;;;;;;;;;;;;;;;;;;;;;;;;;;;;;;;;;;;;;;;;;;;;;;;
;;;;;;;;;;;;;;;;;;;;;;;;;;;;;;;;;;;;;;;;;;;;;;;;;;;;
;;;;;;;;;;;;;;;;;;;;;;;;;;;;;;;;;;;;;;;;;;;;;;;;;;;;
;;;;;;;;;;;;;;;;;;;;;;;;;;;;;;;;;;;;;;;;;;;;;;;;;;;;
;;;;;;;;;;;;;;;;;;;;;;;;;;;;;;;;;;;;;;;;;;;;;;;;;;;;
;;;;;;;;;;;;;;;;;;;;;;;;;;;;;;;;;;;;;;;;;;;;;;;;;;;;
;;;;;;;;;;;;;;;;;;;;;;;;;;;;;;;;;;;;;;;;;;;;;;;;;;;;
;;;;;;;;;;;;;;;;;;;;;;;;;;;;;;;;;;;;;;;;;;;;;;;;;;;;
;;;;;;;;;;;;;;;;;;;;;;;;;;;;;;;;;;;;;;;;;;;;;;;;;;;;
;;;;;;;;;;;;;;;;;;;;;;;;;;;;;;;;;;;;;;;;;;;;;;;;;;;;
;;;;;;;;;;;;;;;;;;;;;;;;;;;;;;;;;;;;;;;;;;;;;;;;;;;;
;;;;;;;;;;;;;;;;;;;;;;;;;;;;;;;;;;;;;;;;;;;;;;;;;;;;
;;;;;;;;;;;;;;;;;;;;;;;;;;;;;;;;;;;;;;;;;;;;;;;;;;;;
;;;;;;;;;;;;;;;;;;;;;;;;;;;;;;;;;;;;;;;;;;;;;;;;;;;;
;;;;;;;;;;;;;;;;;;;;;;;;;;;;;;;;;;;;;;;;;;;;;;;;;;;;
;;;;;;;;;;;;;;;;;;;;;;;;;;;;;;;;;;;;;;;;;;;;;;;;;;;;
;;;;;;;;;;;;;;;;;;;;;;;;;;;;;;;;;;;;;;;;;;;;;;;;;;;;
;;;;;;;;;;;;;;;;;;;;;;;;;;;;;;;;;;;;;;;;;;;;;;;;;;;;
;;;;;;;;;;;;;;;;;;;;;;;;;;;;;;;;;;;;;;;;;;;;;;;;;;;;
;;;;;;;;;;;;;;;;;;;;;;;;;;;;;;;;;;;;;;;;;;;;;;;;;;;;
;;;;;;;;;;;;;;;;;;;;;;;;;;;;;;;;;;;;;;;;;;;;;;;;;;;;
;;;;;;;;;;;;;;;;;;;;;;;;;;;;;;;;;;;;;;;;;;;;;;;;;;;;
;;;;;;;;;;;;;;;;;;;;;;;;;;;;;;;;;;;;;;;;;;;;;;;;;;;;
;;;;;;;;;;;;;;;;;;;;;;;;;;;;;;;;;;;;;;;;;;;;;;;;;;;;
;;;;;;;;;;;;;;;;;;;;;;;;;;;;;;;;;;;;;;;;;;;;;;;;;;;;
;;;;;;;;;;;;;;;;;;;;;;;;;;;;;;;;;;;;;;;;;;;;;;;;;;;;
;;;;;;;;;;;;;;;;;;;;;;;;;;;;;;;;;;;;;;;;;;;;;;;;;;;;
;;;;;;;;;;;;;;;;;;;;;;;;;;;;;;;;;;;;;;;;;;;;;;;;;;;;
;;;;;;;;;;;;;;;;;;;;;;;;;;;;;;;;;;;;;;;;;;;;;;;;;;;;
;;;;;;;;;;;;;;;;;;;;;;;;;;;;;;;;;;;;;;;;;;;;;;;;;;;;
;;;;;;;;;;;;;;;;;;;;;;;;;;;;;;;;;;;;;;;;;;;;;;;;;;;;
;;;;;;;;;;;;;;;;;;;;;;;;;;;;;;;;;;;;;;;;;;;;;;;;;;;;
;;;;;;;;;;;;;;;;;;;;;;;;;;;;;;;;;;;;;;;;;;;;;;;;;;;;
;;;;;;;;;;;;;;;;;;;;;;;;;;;;;;;;;;;;;;;;;;;;;;;;;;;;
;;;;;;;;;;;;;;;;;;;;;;;;;;;;;;;;;;;;;;;;;;;;;;;;;;;;
;;;;;;;;;;;;;;;;;;;;;;;;;;;;;;;;;;;;;;;;;;;;;;;;;;;;
;;;;;;;;;;;;;;;;;;;;;;;;;;;;;;;;;;;;;;;;;;;;;;;;;;;;
;;;;;;;;;;;;;;;;;;;;;;;;;;;;;;;;;;;;;;;;;;;;;;;;;;;;
;;;;;;;;;;;;;;;;;;;;;;;;;;;;;;;;;;;;;;;;;;;;;;;;;;;;
;;;;;;;;;;;;;;;;;;;;;;;;;;;;;;;;;;;;;;;;;;;;;;;;;;;;
;;;;;;;;;;;;;;;;;;;;;;;;;;;;;;;;;;;;;;;;;;;;;;;;;;;;
;;;;;;;;;;;;;;;;;;;;;;;;;;;;;;;;;;;;;;;;;;;;;;;;;;;;
;;;;;;;;;;;;;;;;;;;;;;;;;;;;;;;;;;;;;;;;;;;;;;;;;;;;
;;;;;;;;;;;;;;;;;;;;;;;;;;;;;;;;;;;;;;;;;;;;;;;;;;;;
;;;;;;;;;;;;;;;;;;;;;;;;;;;;;;;;;;;;;;;;;;;;;;;;;;;;
;;;;;;;;;;;;;;;;;;;;;;;;;;;;;;;;;;;;;;;;;;;;;;;;;;;;
